GP,MIN,PTS,FGM,FGA,FG%,3P Made,3PA,3P%,FTM,FTA,FT%,OREB,DREB,REB,AST,STL,BLK,TOV,TARGET_5Yrs
71,10.1,3.2,1.3,3.2,39.6,0.1,0.5,21.9,0.6,0.7,83.7,0.1,0.9,0.9,1.7,0.5,0.1,0.7,1.0
52,15.4,4.5,1.8,3.6,49.5,0.0,0.0,0.0,1.0,1.4,70.3,1.2,2.1,3.3,0.3,0.2,0.6,1.0,1.0
37,15.5,4.2,1.5,4.2,35.9,0.4,1.4,30.2,0.8,1.1,71.8,0.2,1.1,1.3,2.9,0.8,0.1,0.9,0.0
22,6.0,1.5,0.6,1.5,40.6,0.0,0.0,0.0,0.4,0.5,66.7,0.5,1.0,1.5,0.0,0.2,0.1,0.5,0.0
64,16.1,4.7,1.9,4.0,46.5,0.0,0.1,0.0,0.9,1.9,49.2,1.5,1.9,3.4,0.5,0.6,0.6,0.8,0.0
75,16.6,6.4,2.6,6.2,42.2,0.2,1.1,22.2,0.9,1.2,78.4,1.1,2.3,3.4,0.7,0.6,0.2,0.9,0.0
46,10.4,3.7,1.6,3.0,52.1,0.0,0.0,0.0,0.5,1.1,50.0,0.7,1.6,2.3,0.5,0.1,0.3,0.6,1.0
47,11.1,2.7,1.0,2.6,38.8,0.0,0.0,0.0,0.7,1.1,70.0,1.0,1.5,2.4,0.9,0.2,0.4,0.7,0.0
47,8.9,4.2,1.5,4.0,38.3,0.0,0.0,0.0,1.1,1.6,68.8,0.2,0.4,0.6,0.4,0.5,0.1,0.7,0.0
36,6.6,1.9,0.8,2.4,32.2,0.0,0.1,0.0,0.3,0.5,64.7,0.5,0.3,0.8,0.4,0.3,0.1,0.6,1.0
59,9.9,3.5,1.3,3.1,42.4,0.0,0.0,0.0,0.8,1.2,69.4,1.0,1.5,2.6,0.6,0.2,0.1,0.8,1.0
70,23.4,6.1,2.7,5.9,45.3,0.0,0.0,33.3,0.7,0.9,80.6,1.2,2.6,3.8,1.9,0.7,0.1,1.3,0.0
21,4.9,0.7,0.3,0.9,33.3,0.0,0.0,0.0,0.1,0.3,50.0,0.2,0.9,1.1,0.1,0.1,0.3,0.1,0.0
45,22.0,8.1,3.4,7.2,47.1,0.1,0.3,23.1,1.3,1.8,72.8,0.6,1.8,2.4,3.5,0.7,0.1,1.6,1.0
60,8.7,3.8,1.6,3.4,46.8,0.0,0.0,0.0,0.7,1.0,69.0,0.6,0.8,1.5,0.7,0.3,0.3,0.6,1.0
63,14.0,4.7,1.9,4.2,46.6,0.0,0.0,0.0,0.9,1.4,62.1,1.5,2.2,3.6,0.4,0.4,0.4,1.1,1.0
36,8.3,3.2,1.5,3.4,44.6,0.0,0.0,0.0,0.2,0.3,66.7,0.6,1.1,1.6,0.2,0.1,0.4,0.4,0.0
55,11.8,3.8,1.3,3.2,40.6,0.4,1.5,26.5,0.8,1.0,80.0,0.3,2.1,2.4,0.5,0.3,0.5,0.4,0.0
33,20.3,5.5,2.4,6.0,39.9,0.1,0.8,8.0,0.7,0.9,76.7,0.5,1.5,2.0,3.2,0.4,0.1,1.5,1.0
50,10.6,3.7,1.5,3.3,44.9,0.0,0.3,13.3,0.6,1.1,57.4,0.9,2.0,2.9,0.3,0.2,0.4,0.4,0.0
26,9.7,2.2,1.0,2.3,42.4,0.0,0.0,0.0,0.2,0.5,50.0,0.5,1.7,2.2,0.2,0.1,0.8,0.3,0.0
43,13.0,4.6,2.0,5.0,40.6,0.1,0.5,14.3,0.4,0.6,68.0,0.2,1.0,1.2,1.9,0.3,0.1,0.8,0.0
76,15.4,6.7,2.8,6.8,42.1,0.2,0.8,29.8,0.8,1.2,63.0,1.5,1.4,2.9,0.8,0.6,0.3,0.9,0.0
77,21.6,8.6,3.3,6.6,49.8,0.1,0.2,25.0,1.9,2.5,76.3,0.9,2.0,2.9,0.7,0.6,0.2,0.8,1.0
51,9.1,2.7,1.0,2.7,39.0,0.1,0.3,23.5,0.6,0.8,69.8,0.3,0.7,1.0,0.9,0.6,0.1,0.7,0.0
60,8.7,2.9,1.0,2.2,44.4,0.0,0.1,0.0,0.9,1.3,69.7,0.2,0.9,1.2,1.7,0.6,0.1,0.6,1.0
56,12.1,4.6,1.8,3.4,52.8,0.0,0.2,0.0,1.0,1.5,67.5,0.7,0.7,1.3,0.4,0.7,0.1,0.4,1.0
72,21.9,9.5,3.9,9.0,43.0,0.1,0.5,25.6,1.6,2.2,72.7,1.1,3.3,4.3,1.1,0.4,0.3,1.7,1.0
71,21.3,11.5,4.5,9.5,47.6,0.0,0.0,0.0,2.4,3.4,70.9,1.7,2.5,4.2,0.7,0.5,0.6,1.5,1.0
48,11.8,4.7,2.0,3.9,50.8,0.0,0.0,0.0,0.8,1.1,70.6,1.0,1.8,2.9,0.4,0.3,0.7,0.5,1.0
18,6.2,2.4,0.9,2.4,37.2,0.5,1.6,32.1,0.2,0.3,60.0,0.3,0.8,1.1,0.0,0.1,0.1,0.3,0.0
77,17.8,8.4,2.9,6.1,47.8,0.0,0.1,18.2,2.5,3.4,75.1,1.6,2.3,3.9,0.8,0.3,0.3,1.8,1.0
44,7.9,3.3,1.3,3.1,41.5,0.0,0.1,0.0,0.8,1.2,66.0,0.3,0.5,0.9,0.8,0.5,0.1,0.9,0.0
45,10.4,4.2,2.0,4.1,48.6,0.0,0.1,0.0,0.2,0.3,60.0,0.7,1.0,1.7,0.6,0.2,0.2,0.4,0.0
74,20.5,9.3,4.0,8.7,45.9,0.0,0.1,9.1,1.3,2.0,66.4,1.7,2.6,4.4,1.5,0.7,0.2,1.3,1.0
38,6.5,3.1,1.2,3.0,39.5,0.5,1.5,31.0,0.2,0.3,66.7,0.2,0.4,0.6,1.1,0.3,0.1,0.7,0.0
75,17.9,7.3,2.8,6.0,47.0,0.0,0.1,0.0,1.7,2.2,76.2,1.1,2.0,3.1,0.7,0.4,0.3,0.9,1.0
46,10.7,2.9,1.1,1.8,58.3,0.0,0.0,50.0,0.7,0.9,82.5,0.6,0.7,1.3,0.8,0.4,0.1,0.8,0.0
69,14.4,3.8,1.5,2.7,56.7,0.0,0.0,0.0,0.7,1.1,66.2,1.1,1.8,2.9,0.2,0.7,0.6,0.6,1.0
25,5.2,2.3,0.8,2.1,39.6,0.2,0.6,31.3,0.4,0.5,84.6,0.3,0.4,0.7,0.5,0.3,0.1,0.6,0.0
62,8.0,3.7,1.4,3.3,43.6,0.0,0.0,0.0,0.9,1.1,74.6,0.6,1.3,1.9,0.4,0.1,0.1,0.6,1.0
76,14.6,4.5,1.9,4.1,45.5,0.1,0.2,28.6,0.7,1.1,65.9,1.0,2.0,3.0,0.3,0.3,0.7,0.6,1.0
53,14.5,6.9,2.7,6.7,40.1,0.4,1.2,31.1,1.1,1.5,72.8,0.3,0.9,1.2,1.0,0.5,0.1,1.1,1.0
77,14.3,5.2,1.9,4.0,47.6,0.0,0.0,0.0,1.4,2.2,63.2,1.1,2.4,3.5,0.5,0.3,0.4,1.1,1.0
36,7.6,3.4,1.4,2.4,55.7,0.0,0.0,0.0,0.7,1.0,66.7,0.4,0.7,1.1,0.2,0.1,0.2,0.5,0.0
68,13.0,3.6,1.5,2.5,59.2,0.0,0.0,0.0,0.7,1.3,54.7,1.1,2.3,3.4,0.3,0.3,0.3,0.7,0.0
54,17.3,5.9,2.0,5.4,37.4,0.6,1.7,37.0,1.3,1.7,76.3,0.7,1.9,2.6,1.6,0.6,0.1,1.2,0.0
65,27.5,10.1,4.2,8.7,48.7,0.4,1.3,32.9,1.2,1.8,65.0,1.4,3.2,4.7,1.3,0.7,0.8,1.6,1.0
59,8.7,2.5,1.1,2.2,47.0,0.0,0.0,0.0,0.4,0.6,73.5,0.3,0.4,0.7,1.7,0.6,0.0,0.9,0.0
48,14.6,3.0,1.2,3.1,37.1,0.5,1.5,31.5,0.2,0.3,57.1,0.1,0.8,0.9,3.0,0.5,0.1,1.2,0.0
77,18.3,4.5,1.5,3.6,42.1,0.0,0.0,50.0,1.5,2.1,70.1,1.7,2.2,3.9,1.1,0.4,0.6,0.9,1.0
37,11.6,3.0,1.0,2.2,45.7,0.0,0.0,0.0,1.0,1.2,80.0,0.8,1.4,2.2,0.2,0.2,0.1,0.6,1.0
45,10.4,3.7,1.7,4.1,40.8,0.1,0.3,20.0,0.3,0.4,60.0,0.1,0.9,1.0,1.8,0.4,0.1,1.1,0.0
61,8.1,2.9,1.2,2.2,55.6,0.0,0.0,0.0,0.4,0.6,66.7,0.6,0.7,1.3,0.2,0.3,0.1,0.4,0.0
52,12.0,4.5,1.7,3.8,43.9,0.0,0.2,10.0,1.2,1.8,62.5,0.2,0.4,0.7,2.2,0.4,0.1,0.8,1.0
45,10.1,2.9,1.0,2.6,38.5,0.1,0.6,20.0,0.8,1.2,65.5,0.6,0.6,1.3,0.5,0.4,0.1,0.5,1.0
81,24.4,12.1,5.0,11.3,44.4,0.3,0.9,32.4,1.8,2.1,82.6,0.7,1.2,1.9,1.9,0.3,0.2,1.4,1.0
73,17.6,6.9,3.0,6.7,44.5,0.1,0.5,24.3,0.9,1.0,88.9,0.3,0.9,1.2,3.3,0.4,0.0,1.1,1.0
33,7.8,3.8,1.5,3.1,48.0,0.0,0.3,10.0,0.8,1.0,82.4,0.5,0.6,1.1,0.4,0.4,0.1,0.4,1.0
47,10.0,2.9,1.1,2.6,40.3,0.3,0.7,37.5,0.5,0.7,75.8,0.7,0.7,1.4,0.7,0.3,0.0,0.5,0.0
78,19.5,5.9,2.4,5.6,43.1,0.2,0.9,26.9,0.9,1.2,73.6,0.9,2.3,3.2,0.8,0.5,0.3,0.7,1.0
82,17.7,5.9,2.2,5.2,42.1,0.0,0.1,33.3,1.5,1.9,77.6,1.2,2.7,3.9,0.9,0.4,0.3,1.0,1.0
56,11.2,5.6,2.3,4.7,49.6,0.0,0.0,0.0,1.0,1.3,80.0,0.7,0.9,1.6,0.4,0.5,0.1,1.2,1.0
80,19.5,7.1,3.0,6.3,47.5,0.1,0.3,30.0,1.1,1.3,85.0,0.6,1.5,2.1,2.6,0.8,0.2,1.0,1.0
38,7.3,2.9,1.2,2.7,45.5,0.1,0.3,41.7,0.3,0.6,59.1,0.3,0.7,0.9,1.2,0.1,0.0,1.0,0.0
32,15.2,6.3,2.8,5.2,53.3,0.0,0.1,0.0,0.8,1.3,62.5,1.7,3.5,5.2,0.4,0.5,0.5,1.0,0.0
81,25.1,10.0,3.8,8.0,48.1,0.0,0.1,11.1,2.3,2.7,86.6,1.6,2.1,3.7,1.9,0.6,0.2,1.4,1.0
70,10.3,4.2,1.7,3.5,49.6,0.0,0.2,23.1,0.7,0.9,80.6,0.7,1.3,2.0,0.7,0.3,0.6,0.8,1.0
39,22.2,8.9,3.2,7.1,44.6,0.0,0.1,0.0,2.5,3.1,83.2,1.0,2.2,3.2,1.3,0.6,0.1,1.1,1.0
63,8.2,3.6,1.4,3.8,37.4,0.1,0.7,22.0,0.6,0.9,64.4,0.5,0.5,1.1,0.8,0.6,0.1,0.7,0.0
71,16.5,4.9,2.0,4.4,45.7,0.3,0.9,31.1,0.6,1.0,61.1,0.3,1.6,1.9,2.9,0.9,0.1,1.4,0.0
66,17.0,6.7,2.5,5.9,41.8,0.4,1.3,29.5,1.4,1.6,84.1,0.4,1.7,2.0,2.9,0.9,0.1,1.4,1.0
39,8.5,3.1,1.3,2.3,54.4,0.0,0.0,0.0,0.5,1.0,53.8,1.0,1.9,2.9,0.5,0.5,0.3,0.5,0.0
43,9.0,2.7,1.0,2.3,42.0,0.0,0.2,20.0,0.7,1.1,59.2,0.2,0.8,1.0,1.7,0.7,0.0,0.9,1.0
43,14.0,5.0,1.9,4.3,44.4,0.0,0.0,0.0,1.1,1.7,64.9,1.1,2.3,3.4,0.4,0.3,0.5,0.9,1.0
49,18.1,6.8,2.7,6.5,41.5,0.6,1.7,34.1,0.9,1.2,71.2,0.4,1.7,2.1,1.6,0.7,0.2,1.2,1.0
55,9.3,3.1,1.2,2.5,47.4,0.0,0.0,0.0,0.7,1.3,56.3,1.3,1.3,2.6,0.4,0.2,0.3,0.6,1.0
71,19.8,7.0,3.0,6.7,44.4,0.1,0.4,14.8,1.0,1.3,75.0,0.6,1.8,2.4,3.2,0.9,0.2,1.5,0.0
51,7.3,2.7,1.1,2.5,43.4,0.1,0.2,41.7,0.5,0.8,59.0,0.3,0.6,0.9,1.0,0.4,0.0,0.7,0.0
74,21.0,8.2,3.6,6.6,53.9,0.1,0.3,31.6,1.0,1.4,73.8,1.6,2.6,4.2,0.8,1.0,0.1,0.9,1.0
39,6.0,3.3,1.3,3.2,41.9,0.1,0.3,36.4,0.5,0.8,67.7,0.4,0.5,0.9,0.7,0.1,0.1,0.8,0.0
37,7.3,2.8,1.2,2.6,44.3,0.1,0.3,18.2,0.5,0.6,81.0,0.4,0.7,1.1,0.3,0.2,0.1,0.5,0.0
58,11.5,3.3,1.1,2.2,50.8,0.0,0.0,0.0,1.0,1.3,78.7,0.8,1.5,2.3,0.2,0.2,0.7,0.4,1.0
43,14.8,4.6,1.8,3.5,50.7,0.0,0.0,0.0,1.0,1.5,65.2,1.5,2.1,3.6,0.3,0.5,0.3,0.5,0.0
53,7.0,2.5,1.0,2.3,45.0,0.0,0.0,0.0,0.4,0.8,56.1,0.7,0.8,1.5,0.2,0.3,0.1,0.5,0.0
71,13.1,4.7,2.1,4.5,45.9,0.1,0.3,19.0,0.5,0.8,65.5,1.0,2.3,3.2,0.6,0.2,0.6,0.8,1.0
49,7.0,3.2,1.1,2.9,38.9,0.3,1.0,34.0,0.6,0.8,65.9,0.6,0.9,1.5,0.2,0.2,0.1,0.4,1.0
36,11.8,3.9,1.7,4.2,41.3,0.0,0.0,0.0,0.4,0.8,55.6,0.8,0.6,1.4,1.0,0.4,0.0,0.8,1.0
74,15.5,5.5,2.0,5.0,40.6,0.0,0.0,0.0,1.5,2.2,67.5,1.1,2.2,3.3,0.2,0.3,0.7,1.0,0.0
50,18.7,6.3,2.3,6.2,37.0,0.6,1.7,33.3,1.1,1.4,77.8,0.4,1.2,1.6,2.9,1.0,0.0,1.1,0.0
53,10.1,2.1,0.8,1.7,45.5,0.0,0.0,0.0,0.6,1.0,60.8,0.7,1.5,2.2,0.3,0.1,0.6,0.6,0.0
40,15.4,6.1,2.8,5.4,52.8,0.1,0.5,23.8,0.4,0.5,73.7,1.0,1.1,2.1,0.6,0.5,0.2,0.7,0.0
55,10.7,4.3,1.8,4.0,45.7,0.0,0.0,0.0,0.6,1.1,60.3,1.1,1.4,2.5,0.5,0.3,0.1,1.1,0.0
43,8.3,2.6,0.9,2.4,35.6,0.1,0.4,21.1,0.8,1.1,74.5,0.3,0.9,1.3,0.3,0.2,0.2,0.3,1.0
53,10.6,4.1,1.5,4.2,35.7,0.1,0.3,29.4,1.1,1.2,86.2,0.5,0.6,1.1,1.6,0.7,0.1,1.0,1.0
43,12.4,2.9,1.3,3.1,41.7,0.0,0.0,0.0,0.4,0.8,48.5,1.0,1.5,2.5,0.3,0.2,0.5,0.5,0.0
62,14.2,5.6,2.1,4.4,48.5,0.0,0.0,0.0,1.4,2.4,57.1,1.7,2.1,3.7,0.8,0.4,0.6,1.2,1.0
43,9.6,3.4,1.3,2.8,48.3,0.0,0.0,0.0,0.7,0.8,88.2,0.9,1.2,2.0,0.2,0.3,0.0,0.6,0.0
35,12.3,3.5,1.1,2.8,37.8,0.0,0.0,0.0,1.4,2.0,70.0,0.3,0.9,1.1,1.9,0.4,0.0,1.3,1.0
33,16.9,4.1,1.5,4.1,37.3,0.3,0.9,29.0,0.8,1.2,62.5,0.4,1.9,2.2,2.4,1.0,0.3,1.2,0.0
51,6.6,3.0,1.1,2.4,45.1,0.0,0.0,0.0,0.8,1.2,67.7,0.2,0.5,0.7,0.4,0.3,0.1,0.7,0.0
42,15.0,4.0,1.4,3.0,45.2,0.0,0.0,0.0,1.2,1.5,83.9,1.2,1.8,3.0,0.3,0.2,0.2,0.6,1.0
44,9.6,2.9,1.1,3.4,33.3,0.2,0.9,26.3,0.4,0.6,59.3,0.3,0.6,0.8,1.3,0.3,0.0,1.1,0.0
67,15.8,8.2,3.4,7.4,45.6,0.2,0.4,41.4,1.3,1.8,71.9,1.6,2.1,3.7,0.8,0.6,0.1,1.2,1.0
35,5.6,1.8,0.8,2.4,31.8,0.1,0.5,29.4,0.1,0.3,50.0,0.3,0.2,0.5,0.2,0.2,0.0,0.2,0.0
61,11.0,4.2,1.6,2.8,57.9,0.0,0.0,0.0,0.9,1.7,54.4,1.0,1.8,2.9,0.2,0.2,0.3,0.5,0.0
45,8.3,4.5,1.8,3.6,49.4,0.0,0.1,0.0,0.9,1.5,60.9,1.3,1.1,2.4,0.4,0.2,0.1,0.9,0.0
71,18.6,4.7,1.8,3.9,45.6,0.0,0.0,0.0,1.2,2.3,53.1,1.6,2.5,4.1,0.6,0.4,0.1,1.2,1.0
76,15.4,5.7,2.1,4.8,42.9,0.6,1.7,33.6,1.0,1.4,75.7,0.4,1.0,1.3,2.2,1.0,0.3,1.1,1.0
48,8.0,3.4,1.3,2.4,52.2,0.3,0.6,50.0,0.6,0.7,82.4,0.1,0.7,0.8,1.5,0.3,0.1,0.6,1.0
31,4.5,1.2,0.4,1.2,34.2,0.0,0.1,0.0,0.4,0.6,55.0,0.5,0.8,1.3,0.1,0.2,0.0,0.3,1.0
52,9.8,3.5,1.4,3.1,44.7,0.0,0.0,50.0,0.7,1.1,66.1,0.8,1.3,2.1,0.3,0.2,0.1,0.8,1.0
37,18.2,7.4,2.9,6.0,47.5,0.1,0.4,21.4,1.5,2.4,64.8,0.6,1.3,1.9,2.7,0.8,0.0,1.5,0.0
40,6.1,2.6,0.9,1.8,51.4,0.1,0.4,14.3,0.7,1.0,68.4,0.1,0.3,0.4,1.4,0.3,0.0,0.8,1.0
40,9.5,3.8,1.6,3.7,42.2,0.1,0.3,20.0,0.7,0.7,89.7,0.1,0.6,0.7,1.5,0.1,0.1,0.6,0.0
62,10.9,6.6,2.5,5.8,43.5,0.0,0.1,50.0,1.5,1.8,81.1,0.5,1.4,2.0,0.6,0.2,0.1,0.7,1.0
57,14.3,4.5,1.6,4.3,38.7,0.0,0.0,0.0,1.2,1.7,70.7,1.1,2.4,3.5,0.8,0.3,0.5,0.8,1.0
74,20.5,9.3,4.0,8.7,45.9,0.0,0.1,9.1,1.3,2.0,66.4,1.7,2.6,4.4,1.5,0.7,0.2,1.3,1.0
59,10.1,3.2,1.4,3.1,45.4,0.0,0.1,0.0,0.4,0.7,56.4,0.5,0.6,1.0,1.2,0.6,0.1,1.3,0.0
72,16.9,5.4,2.0,4.1,48.5,0.5,1.0,47.3,1.0,1.3,71.1,0.6,1.4,1.9,1.1,0.4,0.3,1.0,1.0
70,16.9,7.2,3.0,7.2,41.9,0.1,0.3,25.0,1.1,1.3,79.6,0.5,1.1,1.7,1.3,0.3,0.1,1.0,0.0
68,25.3,10.4,4.2,8.5,49.1,0.0,0.1,0.0,2.1,2.7,75.7,1.7,3.2,5.0,1.1,0.7,0.7,1.1,1.0
65,24.7,12.0,5.0,10.7,47.0,0.0,0.4,4.3,1.9,2.5,77.0,1.4,1.6,2.9,1.9,1.0,0.1,1.7,1.0
75,12.7,4.1,1.5,3.5,42.9,0.0,0.0,0.0,1.0,1.5,69.1,1.4,1.9,3.3,0.3,0.1,0.3,0.7,1.0
45,8.5,2.7,1.1,2.2,47.5,0.0,0.0,0.0,0.5,0.7,75.0,0.7,0.8,1.5,0.3,0.2,0.2,0.6,1.0
79,19.2,7.0,2.7,6.1,43.4,0.0,0.0,0.0,1.7,2.2,77.5,1.4,1.9,3.3,0.6,0.5,0.3,1.4,0.0
64,10.0,4.3,1.6,3.5,45.5,0.0,0.1,0.0,1.2,1.6,72.8,0.2,0.8,1.0,1.2,0.4,0.1,0.7,1.0
19,12.8,3.3,1.2,3.1,39.0,0.1,0.5,20.0,0.7,0.9,82.4,0.5,0.9,1.4,1.6,0.4,0.2,0.9,0.0
69,19.6,6.3,2.5,6.0,41.1,0.0,0.2,13.3,1.3,1.9,70.5,1.1,1.2,2.3,0.6,0.6,0.2,0.7,0.0
62,13.0,3.5,1.4,3.2,42.9,0.0,0.1,33.3,0.8,1.1,70.1,0.3,1.0,1.4,1.7,0.6,0.1,0.9,1.0
49,13.6,5.2,2.0,4.7,43.9,0.0,0.0,0.0,1.1,1.6,71.4,1.2,2.4,3.6,0.5,0.4,0.3,1.2,1.0
56,20.8,5.3,2.0,4.4,45.9,0.6,1.7,34.4,0.7,1.0,70.7,0.6,1.8,2.3,1.8,0.8,0.5,1.2,0.0
41,6.6,1.9,0.7,1.9,36.7,0.0,0.0,0.0,0.5,0.7,66.7,0.6,1.1,1.7,0.5,0.1,0.3,0.6,0.0
81,19.0,9.3,3.4,7.8,43.7,0.1,0.3,20.8,2.4,3.0,78.3,1.4,1.8,3.2,1.0,0.6,0.1,1.7,0.0
45,6.2,2.6,1.0,2.4,41.5,0.0,0.0,0.0,0.6,1.0,63.0,1.1,1.6,2.6,0.2,0.2,0.5,0.5,1.0
44,9.2,3.0,1.0,3.0,35.4,0.3,1.0,35.7,0.6,0.9,71.1,0.3,0.7,1.0,0.4,0.2,0.2,0.4,0.0
62,9.9,4.1,1.7,3.2,53.7,0.0,0.1,25.0,0.6,1.0,61.5,1.0,1.1,2.1,0.3,0.3,0.5,0.6,1.0
11,13.7,4.8,1.5,3.7,41.5,0.3,1.4,20.0,1.5,1.6,88.9,0.2,0.7,0.9,0.8,0.5,0.1,0.2,0.0
35,12.6,4.4,1.9,4.0,47.5,0.0,0.1,0.0,0.6,0.8,75.0,0.9,2.0,2.9,0.6,0.5,0.5,0.5,1.0
77,14.0,4.9,1.9,3.4,54.6,0.0,0.0,0.0,1.2,1.9,60.1,0.9,1.6,2.6,0.7,0.4,0.3,0.9,1.0
27,14.1,5.7,2.0,4.3,46.6,0.0,0.1,0.0,1.7,2.3,72.6,1.4,1.7,3.2,0.6,0.3,0.3,0.7,0.0
35,5.5,1.8,0.7,1.9,38.2,0.1,0.4,28.6,0.2,0.4,57.1,0.2,0.4,0.7,0.4,0.2,0.3,0.5,1.0
50,8.7,2.5,1.0,2.6,38.0,0.0,0.1,14.3,0.5,0.8,65.9,0.3,0.5,0.8,1.6,0.7,0.1,1.0,1.0
82,17.9,8.1,3.3,6.5,51.1,0.1,0.6,23.5,1.3,1.5,89.9,0.5,1.1,1.6,2.0,0.9,0.1,1.2,1.0
80,21.3,9.6,3.9,8.2,47.7,0.0,0.1,0.0,1.8,2.7,68.4,2.0,3.2,5.1,1.8,0.7,0.2,1.3,1.0
50,9.8,5.2,1.9,4.1,47.3,0.1,0.3,35.7,1.2,1.8,67.0,0.6,0.9,1.5,0.9,0.6,0.0,0.8,0.0
71,11.2,2.9,1.2,3.1,39.6,0.0,0.1,0.0,0.5,0.7,62.3,0.7,1.4,2.1,0.5,0.4,0.1,0.3,1.0
77,21.5,10.4,3.9,8.2,46.8,0.6,1.5,39.0,2.1,2.7,78.6,0.8,1.5,2.3,2.2,0.8,0.2,1.6,1.0
63,11.4,4.2,1.3,2.8,44.6,0.0,0.0,0.0,1.7,2.3,73.6,1.5,1.9,3.4,0.2,0.2,0.3,0.8,1.0
63,11.6,8.2,3.2,6.7,48.7,0.0,0.1,16.7,1.7,2.6,66.3,1.2,1.2,2.4,0.6,0.3,0.1,1.1,1.0
24,14.7,5.1,1.8,4.0,44.3,0.0,0.0,0.0,1.5,2.7,57.8,0.8,1.3,2.1,0.9,0.7,0.1,1.4,0.0
80,16.5,7.4,2.8,6.2,45.1,0.1,0.7,19.6,1.7,2.2,77.7,1.0,1.6,2.5,0.7,0.4,0.3,1.2,0.0
60,9.3,2.8,1.1,2.6,40.6,0.4,1.1,39.4,0.3,0.4,64.0,0.2,0.6,0.7,2.0,0.5,0.0,1.1,1.0
63,16.3,6.3,2.6,5.8,45.3,0.1,0.5,28.1,1.0,1.3,72.6,1.0,0.9,1.9,2.5,0.8,0.2,1.3,0.0
57,9.4,3.3,1.2,2.6,46.3,0.0,0.1,28.6,0.8,1.3,66.7,0.5,0.8,1.4,0.3,0.4,0.2,0.3,0.0
54,6.0,2.3,0.9,2.5,33.8,0.2,0.8,31.0,0.3,0.5,63.0,0.1,0.5,0.6,0.6,0.2,0.0,0.5,0.0
74,15.1,5.1,2.2,4.6,47.8,0.0,0.0,0.0,0.7,1.0,73.3,1.2,2.5,3.6,0.5,0.2,0.2,1.0,0.0
74,17.3,7.1,2.8,6.2,45.9,0.1,0.3,16.0,1.4,1.7,81.0,0.5,1.0,1.5,1.7,0.6,0.2,1.1,0.0
41,12.3,3.3,1.5,3.2,45.1,0.0,0.2,0.0,0.4,0.9,44.7,1.0,1.4,2.4,1.2,0.5,0.1,1.0,1.0
37,8.2,2.4,0.8,2.3,36.5,0.3,0.7,40.0,0.5,0.6,85.7,0.3,0.7,0.9,0.8,0.3,0.0,0.6,0.0
42,10.4,3.8,1.5,3.4,42.4,0.1,0.2,37.5,0.8,1.3,58.9,0.7,0.7,1.5,1.6,0.3,0.2,0.6,0.0
78,15.0,4.7,1.8,3.9,47.2,0.0,0.1,9.1,1.0,1.6,61.9,1.2,1.9,3.1,1.1,1.0,0.8,1.2,0.0
80,29.7,10.1,3.8,8.0,47.0,0.2,0.7,23.2,2.4,2.9,82.3,2.4,3.6,6.0,1.9,0.9,0.4,1.3,1.0
43,6.8,1.6,0.7,1.9,34.9,0.0,0.2,11.1,0.2,0.4,56.3,0.3,0.3,0.6,1.7,0.5,0.1,0.4,1.0
44,7.6,1.1,0.5,1.2,38.5,0.0,0.0,0.0,0.2,0.4,44.4,0.5,1.3,1.9,0.4,0.2,0.3,0.5,0.0
54,8.2,3.2,1.3,2.8,45.6,0.1,0.3,18.8,0.6,0.8,74.4,0.7,0.6,1.3,0.6,0.2,0.1,0.5,0.0
76,22.5,8.8,3.8,9.2,41.5,0.0,0.1,0.0,1.2,1.6,73.6,1.7,3.4,5.1,1.7,0.8,0.5,1.3,1.0
55,14.9,5.7,2.4,5.2,46.5,0.0,0.1,0.0,0.9,1.2,71.2,1.5,2.7,4.2,0.6,0.6,0.5,0.8,1.0
47,16.6,4.6,1.6,4.5,36.2,0.4,1.4,26.6,1.0,1.2,82.5,0.3,1.9,2.3,0.8,0.7,0.3,0.6,0.0
51,8.4,1.9,0.7,1.7,43.0,0.0,0.0,0.0,0.5,0.7,68.6,0.6,1.1,1.7,0.2,0.2,0.1,0.3,0.0
34,8.6,3.5,1.4,3.7,39.2,0.4,1.4,31.9,0.2,0.3,54.5,0.4,0.4,0.8,0.6,0.3,0.2,0.8,0.0
24,17.5,5.2,1.8,4.6,39.1,0.4,1.1,38.5,1.2,1.7,72.5,0.1,1.0,1.1,2.9,1.0,0.1,1.0,0.0
40,10.1,3.1,1.2,2.9,42.6,0.1,0.3,33.3,0.5,0.7,75.0,0.3,0.8,1.1,1.8,0.5,0.1,1.0,0.0
49,10.6,4.0,1.5,3.5,43.5,0.0,0.1,14.3,0.9,1.6,57.7,0.6,0.9,1.5,0.7,0.4,0.1,1.0,1.0
52,7.3,2.8,1.1,2.4,45.5,0.0,0.0,0.0,0.6,0.9,65.3,0.8,1.1,1.8,0.2,0.2,0.7,0.3,1.0
74,15.3,5.2,2.0,4.7,42.2,0.4,1.7,24.4,0.9,1.3,67.0,0.5,1.7,2.2,1.0,0.5,0.3,1.0,0.0
57,8.5,4.5,1.8,4.1,44.2,0.0,0.1,20.0,0.9,0.9,92.6,0.4,0.6,1.0,0.9,0.4,0.1,0.6,1.0
52,14.9,4.5,1.7,4.4,38.2,0.3,0.9,27.7,0.9,1.6,58.5,0.5,1.5,2.0,1.6,0.6,0.1,1.1,0.0
52,21.0,9.5,3.7,7.5,49.0,0.0,0.1,14.3,2.1,3.1,67.9,1.5,3.0,4.5,1.2,0.4,0.3,1.2,1.0
76,19.3,5.6,2.5,5.7,43.8,0.0,0.0,0.0,0.5,0.8,66.7,1.4,3.1,4.6,0.6,0.7,0.7,0.6,1.0
51,8.0,2.2,0.9,2.2,40.4,0.1,0.5,25.0,0.3,0.3,81.3,0.3,0.7,0.9,1.5,0.5,0.1,0.7,1.0
26,10.3,4.1,1.8,3.2,56.1,0.0,0.1,0.0,0.6,0.8,68.2,1.3,2.1,3.4,0.4,0.3,0.4,0.5,0.0
81,24.8,13.9,5.6,11.8,47.2,0.4,1.0,40.7,2.3,3.0,77.2,1.4,4.1,5.4,1.0,0.5,0.5,1.5,1.0
46,12.1,4.5,1.8,4.3,40.5,0.0,0.3,16.7,1.0,1.3,76.3,0.9,1.0,1.8,1.3,0.7,0.1,1.2,1.0
53,12.4,3.4,1.3,3.3,37.9,0.6,1.7,36.0,0.3,0.3,93.8,0.7,1.8,2.5,0.4,0.3,0.0,0.2,0.0
65,13.2,5.0,2.0,5.0,41.3,0.1,0.3,35.0,0.8,1.0,76.9,0.6,1.0,1.6,1.1,0.7,0.3,0.8,0.0
59,9.1,3.3,1.3,3.6,37.3,0.0,0.1,0.0,0.7,0.9,76.5,0.6,0.7,1.3,0.9,0.5,0.2,0.6,1.0
59,12.8,4.4,1.5,2.9,53.8,0.0,0.0,0.0,1.3,2.0,66.1,0.8,2.2,3.1,0.3,0.4,0.6,0.8,0.0
59,12.1,4.7,1.7,4.2,41.6,0.3,0.8,34.8,1.0,1.4,69.9,0.7,1.2,1.9,0.7,0.3,0.5,0.9,1.0
60,9.0,3.1,1.1,2.9,36.8,0.2,0.8,23.4,0.7,0.9,83.0,0.2,0.6,0.7,2.1,0.6,0.1,0.9,1.0
82,21.8,10.5,4.2,8.6,49.1,0.0,0.1,0.0,2.0,2.5,80.7,2.1,2.3,4.4,1.6,0.7,0.3,1.5,1.0
38,8.2,3.4,1.4,3.8,36.8,0.2,0.7,22.2,0.5,0.6,82.6,0.3,0.6,0.9,0.7,0.3,0.1,0.6,0.0
60,9.2,3.4,1.5,4.0,36.7,0.0,0.0,0.0,0.5,0.9,50.9,0.7,0.9,1.6,0.4,0.4,0.1,0.7,0.0
37,13.6,8.1,3.0,6.9,44.1,0.6,1.6,40.0,1.4,1.9,72.2,0.7,1.4,2.1,0.9,0.4,0.1,1.0,1.0
62,13.2,4.2,1.7,3.2,52.7,0.0,0.0,0.0,0.7,1.2,63.9,1.1,2.3,3.5,0.4,0.3,0.1,0.9,1.0
33,5.5,1.5,0.6,1.3,45.5,0.0,0.1,0.0,0.3,0.7,47.8,0.8,0.7,1.5,0.2,0.2,0.1,0.1,0.0
41,4.2,1.7,0.6,1.6,34.8,0.1,0.3,21.4,0.5,0.6,73.1,0.1,0.2,0.3,1.0,0.3,0.0,0.4,0.0
82,9.5,1.7,0.5,1.6,30.1,0.0,0.2,7.1,0.7,0.9,78.1,0.3,0.8,1.1,2.6,0.3,0.1,1.1,1.0
36,7.6,2.6,1.1,2.9,37.9,0.2,0.7,28.0,0.2,0.3,70.0,0.2,0.6,0.9,0.4,0.4,0.1,0.6,0.0
67,9.5,4.9,2.1,4.9,42.6,0.3,0.9,28.3,0.4,0.6,78.9,0.4,0.7,1.2,0.9,0.4,0.1,0.7,1.0
62,16.2,6.9,2.6,6.7,38.0,0.3,1.0,29.2,1.5,1.9,77.3,0.7,1.2,1.9,1.2,0.5,0.1,1.2,0.0
78,21.3,5.1,2.1,4.8,43.2,0.0,0.1,25.0,0.9,1.4,67.3,0.8,1.9,2.7,1.4,0.7,0.3,0.7,1.0
60,8.9,2.8,1.0,3.0,33.0,0.0,0.1,0.0,0.9,1.2,73.9,0.5,0.7,1.2,1.3,0.4,0.0,0.6,0.0
73,19.0,5.8,2.2,4.8,46.8,0.1,0.6,22.0,1.2,1.6,73.7,1.7,2.3,3.9,1.1,0.8,0.1,0.7,1.0
80,21.9,8.5,3.5,7.6,45.5,0.0,0.1,20.0,1.6,2.2,72.8,1.9,2.7,4.7,1.3,0.6,0.8,1.1,1.0
55,7.6,2.7,1.2,2.6,44.8,0.0,0.1,0.0,0.3,0.5,64.3,0.2,0.6,0.9,0.8,0.3,0.1,0.6,1.0
57,10.0,3.3,1.0,2.6,36.9,0.1,0.2,30.8,1.3,2.0,63.8,1.0,1.2,2.2,0.8,0.7,0.4,1.2,1.0
50,6.2,1.7,0.5,1.7,31.0,0.0,0.0,0.0,0.6,1.0,60.4,0.3,0.7,1.0,0.3,0.3,0.1,0.4,0.0
50,9.6,4.1,1.5,3.7,41.5,0.1,0.5,19.2,0.9,1.2,75.4,0.4,0.7,1.1,1.8,0.6,0.1,1.0,1.0
49,13.0,3.9,1.6,3.6,43.5,0.0,0.0,0.0,0.8,1.3,59.4,0.8,0.9,1.6,0.8,0.4,0.0,0.5,0.0
52,16.7,6.3,2.9,5.1,55.8,0.0,0.0,0.0,0.6,0.8,71.4,1.7,2.2,3.8,0.8,0.3,0.7,0.6,1.0
39,6.8,2.2,0.8,2.3,37.5,0.0,0.2,14.3,0.5,0.8,56.3,0.4,0.5,0.9,0.4,0.2,0.1,0.5,1.0
48,11.5,4.5,1.6,3.0,52.4,0.0,0.1,0.0,1.3,1.9,67.4,1.0,1.5,2.5,0.3,0.3,0.4,0.8,1.0
68,11.1,2.7,1.0,2.7,36.4,0.0,0.3,11.1,0.7,0.9,81.0,0.3,0.8,1.1,1.9,0.2,0.0,1.4,0.0
39,13.8,5.6,2.2,4.4,50.0,0.2,0.5,38.9,1.0,1.4,71.4,0.7,1.3,1.9,0.5,0.2,0.1,0.5,1.0
68,12.6,3.9,1.5,4.1,35.8,0.1,0.7,16.7,0.8,1.0,79.4,0.4,1.1,1.5,2.3,0.8,0.0,1.3,1.0
57,13.5,5.0,2.0,5.3,38.0,0.2,0.7,25.6,0.8,1.0,78.6,0.4,0.9,1.3,1.3,0.5,0.0,0.9,1.0
76,29.3,10.4,4.0,7.8,51.4,0.0,0.0,0.0,2.5,3.1,80.7,2.4,3.5,5.9,1.6,0.7,0.6,1.5,1.0
82,16.5,4.9,2.0,4.8,41.2,0.1,0.4,17.6,0.9,1.2,74.7,0.7,1.2,1.9,2.8,0.8,0.1,1.2,1.0
34,8.6,3.5,1.4,3.7,39.2,0.4,1.4,31.9,0.2,0.3,54.5,0.4,0.4,0.8,0.6,0.3,0.2,0.8,1.0
65,9.9,2.4,1.0,2.4,39.2,0.1,0.5,23.3,0.4,0.5,71.4,0.2,0.6,0.8,2.3,0.3,0.0,1.1,0.0
36,8.8,4.1,1.4,3.5,40.8,0.3,0.7,38.5,0.9,1.4,65.4,0.4,0.7,1.1,0.8,0.6,0.1,1.1,1.0
35,7.3,4.0,1.8,4.5,39.2,0.1,0.3,20.0,0.4,0.8,53.6,0.6,0.6,1.2,0.6,0.4,0.2,0.8,0.0
41,12.4,3.0,1.1,3.2,35.4,0.2,0.7,30.0,0.5,0.7,81.5,0.7,1.0,1.7,0.5,0.2,0.2,0.4,0.0
56,15.4,4.2,1.7,4.2,40.1,0.1,0.6,20.6,0.7,0.9,79.2,0.2,0.8,1.0,2.0,0.5,0.0,1.0,0.0
59,12.9,5.6,2.4,4.4,54.4,0.0,0.0,0.0,0.8,1.3,64.9,1.2,1.7,2.9,1.0,0.3,0.5,1.0,1.0
68,10.1,3.1,1.2,2.8,41.8,0.3,0.8,33.3,0.6,0.6,90.5,0.2,0.5,0.8,1.9,0.5,0.0,0.6,1.0
31,10.3,3.8,1.4,3.8,37.6,0.1,0.5,21.4,0.9,1.3,67.5,0.5,0.8,1.3,0.3,0.3,0.3,0.7,0.0
46,15.3,4.6,1.8,4.3,41.2,0.0,0.1,0.0,1.0,1.6,64.0,1.4,2.4,3.8,0.9,0.5,0.4,1.4,0.0
34,13.4,4.9,1.9,4.4,44.6,0.4,1.1,31.6,0.7,1.1,63.2,0.6,1.2,1.8,0.6,0.3,0.3,0.6,0.0
38,10.1,4.0,1.4,3.4,39.7,0.5,1.3,38.0,0.8,1.1,72.5,0.1,1.1,1.2,0.7,0.2,0.0,0.5,0.0
41,17.9,4.2,1.8,5.0,35.5,0.2,0.8,21.2,0.5,0.9,59.5,1.4,3.0,4.5,0.7,0.9,0.8,0.9,1.0
38,12.3,6.3,2.1,3.6,56.5,0.0,0.1,50.0,2.1,2.7,79.4,0.9,2.2,3.1,0.6,0.2,0.5,0.8,1.0
32,18.8,5.9,2.2,5.2,41.9,0.6,1.5,37.5,1.0,1.5,68.1,0.4,2.1,2.5,1.3,1.0,0.3,0.9,0.0
49,11.9,5.3,2.3,5.1,44.6,0.0,0.1,0.0,0.8,1.1,72.2,0.2,0.4,0.6,1.2,0.4,0.0,1.0,0.0
45,19.9,6.2,2.5,6.7,37.7,0.5,1.3,37.3,0.7,1.0,74.4,0.4,1.4,1.8,2.7,0.5,0.2,0.9,0.0
45,9.3,3.1,1.0,2.7,36.1,0.1,0.2,37.5,1.1,1.5,70.6,0.1,0.8,0.8,1.9,0.2,0.0,1.2,1.0
23,8.8,3.4,1.2,3.3,36.8,0.2,0.9,25.0,0.8,1.0,75.0,0.8,0.9,1.7,0.7,0.3,0.1,0.4,1.0
16,4.4,1.2,0.4,1.0,43.8,0.1,0.2,33.3,0.3,0.4,66.7,0.1,0.3,0.4,0.1,0.1,0.0,0.4,1.0
73,12.2,4.0,1.6,4.2,38.2,0.1,0.9,13.8,0.7,0.9,76.9,0.5,1.5,2.0,0.8,0.5,0.1,0.8,1.0
60,8.1,3.1,1.4,2.8,49.4,0.0,0.0,0.0,0.4,0.7,50.0,0.8,1.7,2.6,0.4,0.3,0.3,0.5,1.0
20,21.1,9.4,3.7,8.2,44.8,0.0,0.1,0.0,2.1,2.7,75.9,1.9,2.2,4.1,1.2,0.8,0.3,1.3,0.0
70,12.7,4.8,1.7,4.4,40.0,0.0,0.4,8.0,1.3,1.6,83.6,0.3,0.9,1.2,0.9,0.9,0.1,0.9,1.0
71,13.1,3.8,1.5,3.2,47.4,0.0,0.0,0.0,0.8,1.1,71.3,1.6,2.5,4.2,0.8,0.4,0.4,0.7,1.0
66,21.7,8.6,3.7,7.6,48.2,0.0,0.2,0.0,1.3,2.6,51.2,1.5,2.5,4.0,1.2,0.7,0.5,1.6,1.0
41,5.8,2.8,1.2,2.6,44.9,0.0,0.0,0.0,0.4,0.7,66.7,0.8,0.9,1.7,0.3,0.2,0.1,0.4,1.0
64,11.9,5.3,2.0,5.3,37.7,0.4,0.9,40.4,1.0,1.3,75.3,0.4,0.7,1.1,1.2,0.4,0.1,0.9,1.0
42,6.9,3.6,1.5,3.6,43.3,0.0,0.2,0.0,0.5,0.6,74.1,0.2,0.4,0.6,1.1,0.4,0.1,0.6,1.0
36,7.0,1.6,0.7,1.6,43.1,0.0,0.0,0.0,0.3,0.4,69.2,0.7,1.2,1.9,0.2,0.1,0.1,0.3,1.0
76,16.4,8.1,3.0,6.9,42.9,0.1,0.3,40.0,2.0,2.4,83.3,0.7,1.1,1.8,1.8,0.8,0.2,1.4,1.0
47,9.4,2.9,1.0,2.6,40.2,0.0,0.1,16.7,0.7,0.9,83.3,0.3,0.6,0.9,2.3,0.5,0.2,1.3,0.0
41,10.5,4.1,1.5,3.4,43.3,0.4,1.3,34.6,0.7,0.8,84.4,0.0,0.6,0.7,1.3,0.4,0.0,0.4,0.0
65,19.4,6.8,2.7,6.9,39.3,0.3,1.2,27.6,1.0,1.3,77.6,0.3,1.1,1.4,2.0,0.7,0.0,1.6,1.0
47,9.2,2.6,0.9,3.0,31.4,0.3,0.9,29.5,0.4,0.6,70.4,0.5,1.4,1.9,0.5,0.3,0.2,0.5,1.0
64,14.8,3.7,1.5,3.0,49.5,0.0,0.1,0.0,0.7,0.9,75.0,0.3,1.5,1.8,1.8,0.9,0.1,1.4,0.0
57,7.7,2.0,0.7,2.0,36.8,0.1,0.4,25.0,0.4,0.7,61.5,0.4,0.8,1.2,0.4,0.3,0.1,0.4,0.0
78,16.8,5.1,1.9,5.0,37.4,0.5,1.6,32.3,0.8,1.1,73.6,0.7,1.6,2.3,0.8,0.6,0.4,1.2,1.0
45,19.8,6.0,2.5,5.0,49.3,0.0,0.1,20.0,1.0,1.4,74.6,2.0,3.8,5.9,0.8,0.5,0.5,0.6,0.0
80,17.3,5.9,2.2,4.9,44.2,0.0,0.2,23.1,1.5,2.2,69.5,1.1,1.9,3.0,1.1,0.9,0.2,0.9,1.0
79,14.6,3.6,1.4,2.6,53.2,0.0,0.0,0.0,0.9,1.4,64.0,1.3,2.1,3.4,0.5,0.4,0.3,0.7,1.0
33,7.8,3.8,1.5,3.1,48.0,0.0,0.3,10.0,0.8,1.0,82.4,0.5,0.6,1.1,0.4,0.4,0.1,0.4,0.0
48,9.3,4.5,1.7,3.4,49.7,0.0,0.1,0.0,1.2,1.9,61.5,0.4,0.8,1.2,0.8,0.5,0.4,1.0,0.0
77,15.1,5.6,2.3,4.9,46.7,0.0,0.2,21.4,1.1,1.3,81.0,1.4,2.5,3.8,0.4,0.3,0.6,0.9,1.0
67,17.4,6.6,2.7,5.9,46.4,0.4,1.1,34.7,0.8,1.3,60.9,0.6,1.3,1.9,0.4,0.6,0.3,0.6,1.0
38,9.6,1.8,0.7,2.3,29.1,0.1,0.3,30.0,0.4,0.7,64.0,0.2,0.8,1.0,1.1,0.3,0.1,0.5,0.0
68,19.6,6.8,2.5,6.3,39.3,0.3,1.0,24.6,1.5,2.0,78.9,0.1,1.4,1.5,3.3,0.5,0.1,1.8,1.0
64,13.1,5.5,2.1,4.7,45.0,0.1,0.3,23.5,1.2,1.7,70.1,0.7,1.0,1.7,1.3,0.4,0.1,0.9,0.0
57,8.2,2.1,0.9,2.2,39.7,0.1,0.2,23.1,0.3,0.4,78.3,0.4,0.6,1.0,0.8,0.4,0.0,0.4,1.0
43,9.2,2.7,1.0,2.8,35.5,0.5,1.7,30.1,0.2,0.2,77.8,0.3,1.0,1.3,0.3,0.2,0.0,0.3,0.0
79,19.4,7.3,2.7,5.1,53.6,0.0,0.1,25.0,1.8,2.2,83.7,1.3,2.6,3.8,1.2,0.7,0.5,1.3,1.0
75,11.4,3.7,1.5,3.5,42.3,0.3,1.1,32.5,0.4,0.5,73.2,0.2,0.7,0.8,1.8,0.4,0.0,0.7,0.0
59,15.9,7.2,2.6,6.1,42.9,0.3,0.8,33.3,1.8,2.4,72.7,1.0,1.3,2.2,0.9,0.5,0.1,0.9,1.0
46,15.0,3.2,1.1,3.2,33.8,0.2,0.8,28.6,0.8,1.0,78.7,0.4,1.1,1.5,2.0,0.6,0.1,0.6,1.0
68,15.6,4.9,2.0,4.0,50.5,0.1,0.4,18.5,0.8,1.3,56.7,1.4,2.9,4.3,0.6,0.8,0.7,0.7,1.0
65,9.6,5.0,2.0,3.6,54.3,0.0,0.0,0.0,1.1,1.7,64.2,0.7,0.9,1.6,0.5,0.3,0.0,0.8,1.0
37,14.6,4.4,1.7,4.0,42.3,0.5,1.6,33.9,0.4,0.7,61.5,1.3,2.6,3.9,0.3,0.6,0.5,0.5,0.0
81,19.7,7.9,2.9,6.3,46.0,0.0,0.1,0.0,2.2,3.0,72.9,1.4,2.2,3.6,1.4,0.6,0.3,1.8,0.0
65,11.6,3.9,1.5,3.2,45.2,0.2,0.7,32.6,0.8,1.1,72.9,0.5,1.4,2.0,0.7,0.3,0.7,0.9,1.0
53,11.5,5.6,2.4,5.1,46.6,0.0,0.1,0.0,0.9,1.6,56.0,1.1,1.1,2.2,0.4,0.2,0.2,1.4,1.0
77,24.9,7.5,3.3,7.6,43.0,0.5,1.7,29.2,0.5,0.7,77.4,1.0,2.4,3.3,2.3,0.8,0.3,0.9,1.0
70,20.6,8.8,3.6,8.2,43.9,0.0,0.4,9.7,1.6,2.2,70.7,0.9,1.2,2.1,2.5,0.4,0.2,1.6,0.0
81,22.6,7.7,3.1,6.3,50.1,0.0,0.0,0.0,1.4,2.2,62.6,1.9,3.6,5.5,1.1,0.6,0.7,1.1,1.0
52,7.3,2.6,1.0,2.6,39.3,0.1,0.2,27.3,0.5,0.6,81.3,0.5,0.9,1.3,0.3,0.2,0.1,0.6,1.0
48,11.3,4.1,1.8,3.8,46.2,0.0,0.0,0.0,0.6,0.9,69.0,0.8,1.3,2.0,0.6,0.5,0.3,0.7,0.0
38,4.7,1.8,0.7,1.8,38.8,0.0,0.1,0.0,0.4,0.4,88.2,0.2,0.3,0.6,0.7,0.1,0.0,0.5,1.0
55,9.4,4.5,1.9,4.3,44.9,0.2,0.5,36.0,0.5,0.7,73.7,0.5,0.6,1.2,0.6,0.3,0.1,0.6,0.0
80,14.8,5.2,2.0,4.3,46.5,0.0,0.0,0.0,1.2,1.6,72.3,1.4,3.3,4.7,0.6,0.3,0.4,1.3,1.0
35,24.5,10.4,4.3,12.2,35.6,0.4,1.7,22.4,1.4,1.9,72.7,1.6,1.8,3.4,1.7,0.8,0.6,1.8,1.0
18,13.3,4.7,1.7,4.9,33.7,0.4,1.4,26.9,0.9,1.3,73.9,0.4,1.3,1.7,1.8,0.4,0.3,0.8,0.0
40,6.4,3.8,1.2,2.8,41.8,0.0,0.1,33.3,1.4,1.7,83.8,0.5,0.5,1.0,0.2,0.3,0.2,0.5,1.0
39,10.1,3.3,1.2,3.0,41.4,0.0,0.2,16.7,0.8,1.1,72.1,0.6,1.2,1.7,0.9,0.4,0.1,0.8,0.0
41,5.2,2.0,0.8,1.6,48.5,0.0,0.0,0.0,0.4,0.6,73.9,0.5,0.6,1.0,0.2,0.1,0.2,0.5,0.0
49,13.1,3.9,1.6,4.2,38.3,0.3,1.3,24.2,0.4,0.5,73.1,0.8,2.1,2.9,0.6,0.3,0.3,0.3,0.0
50,22.3,8.2,3.0,6.4,46.3,0.2,0.5,40.0,2.0,2.9,71.3,1.8,2.5,4.3,0.9,0.6,0.1,1.5,1.0
80,16.9,7.4,3.0,5.7,52.9,0.0,0.0,0.0,1.3,1.9,69.1,1.3,2.9,4.2,0.4,0.6,0.8,1.1,1.0
59,12.8,5.1,1.9,4.6,41.6,0.0,0.1,0.0,1.2,1.7,70.6,0.8,1.3,2.1,1.4,0.3,0.2,1.3,0.0
66,10.5,5.0,2.2,4.5,48.0,0.0,0.1,0.0,0.7,0.8,85.2,0.6,0.9,1.5,0.8,0.3,0.1,0.9,0.0
73,11.0,3.8,1.5,3.7,40.8,0.1,0.2,27.8,0.7,1.0,73.2,0.2,0.8,1.1,1.2,0.5,0.1,0.7,0.0
52,10.2,4.2,1.8,3.9,45.4,0.0,0.0,0.0,0.6,1.2,51.6,1.0,2.0,3.0,0.5,0.4,0.4,0.6,1.0
81,15.7,4.7,1.9,4.5,41.8,0.3,0.9,31.0,0.6,0.9,72.2,0.3,1.3,1.6,3.3,0.5,0.1,1.1,1.0
56,18.6,8.5,3.6,7.3,49.4,0.2,0.6,30.6,1.1,1.4,76.9,1.2,1.4,2.6,2.1,0.9,0.2,0.8,1.0
39,13.0,4.5,1.7,4.0,42.6,0.6,1.7,35.8,0.5,0.7,70.4,0.4,1.3,1.7,1.4,0.5,0.2,0.6,1.0
70,15.1,4.8,2.0,4.6,43.0,0.0,0.0,0.0,0.8,1.6,52.3,1.7,2.8,4.5,0.7,0.6,0.4,1.3,1.0
60,10.2,3.1,1.2,2.3,51.8,0.0,0.0,0.0,0.8,1.1,69.1,0.9,1.1,2.0,0.1,0.2,0.7,0.5,1.0
40,7.3,2.2,0.8,2.3,34.1,0.0,0.3,8.3,0.7,1.0,68.4,0.2,0.5,0.7,0.5,0.3,0.1,0.7,1.0
42,7.9,4.0,1.8,4.1,43.0,0.0,0.2,10.0,0.5,0.7,69.0,0.5,0.8,1.3,0.5,0.3,0.1,0.5,1.0
33,7.2,2.4,1.0,2.7,37.1,0.1,0.3,30.0,0.3,0.4,78.6,0.2,0.5,0.7,0.9,0.1,0.0,0.7,0.0
74,12.1,3.8,1.5,4.0,37.2,0.3,0.9,36.5,0.5,0.7,73.1,0.6,0.9,1.5,0.5,0.3,0.2,0.6,0.0
75,15.7,6.1,2.4,5.4,44.1,0.0,0.1,0.0,1.3,1.8,71.4,1.2,1.3,2.5,2.3,0.5,0.2,1.3,1.0
64,13.6,3.9,1.6,3.9,40.9,0.1,0.4,26.9,0.6,1.0,66.1,1.0,2.3,3.4,0.5,0.4,0.5,0.5,1.0
57,10.0,3.3,1.0,2.6,36.9,0.1,0.2,30.8,1.3,2.0,63.8,1.0,1.2,2.2,0.8,0.7,0.4,1.2,0.0
28,8.1,1.7,0.6,1.4,42.5,0.3,0.8,30.4,0.2,0.3,85.7,0.3,1.1,1.5,0.4,0.2,0.1,0.5,0.0
20,10.0,3.4,1.2,3.1,39.3,0.4,1.2,29.2,0.6,0.7,85.7,0.2,1.8,2.0,0.7,0.3,0.3,0.7,0.0
48,8.2,2.1,0.9,2.4,38.1,0.1,0.5,17.4,0.2,0.3,56.3,0.1,0.9,0.9,1.3,0.2,0.1,0.7,0.0
55,14.7,3.5,1.3,3.4,38.1,0.3,0.9,31.4,0.6,0.9,70.0,0.2,0.9,1.1,3.2,0.7,0.0,1.8,0.0
49,15.9,6.2,2.6,5.4,46.8,0.0,0.0,0.0,1.1,1.6,67.5,1.3,1.7,3.0,0.4,0.4,0.3,0.5,1.0
64,12.2,3.6,1.4,3.4,40.0,0.2,0.7,28.6,0.7,0.9,71.2,0.2,1.3,1.4,2.0,0.4,0.0,0.8,1.0
78,14.3,4.9,1.9,3.9,49.2,0.0,0.1,0.0,1.1,1.6,66.9,1.0,2.4,3.3,1.3,0.4,0.2,1.3,1.0
45,18.4,6.5,2.6,5.8,44.4,0.2,0.6,39.3,1.1,1.6,68.5,0.8,2.1,2.9,2.0,0.8,0.4,0.9,1.0
42,8.5,2.8,1.1,3.0,38.1,0.3,1.2,24.0,0.3,0.4,73.3,0.3,0.6,0.9,0.4,0.4,0.1,0.4,0.0
37,10.9,3.9,1.3,4.4,29.8,0.2,0.8,23.3,1.2,1.7,69.4,0.2,0.7,0.9,1.8,0.5,0.1,1.4,0.0
80,15.8,4.3,1.6,3.6,43.3,0.0,0.2,14.3,1.2,1.5,79.2,0.4,0.8,1.2,2.5,0.6,0.2,0.8,0.0
41,10.4,3.5,1.3,3.1,40.3,0.5,1.1,47.7,0.5,0.6,83.3,0.5,0.9,1.3,0.3,0.3,0.1,0.5,1.0
67,10.3,3.0,1.1,2.6,43.7,0.0,0.0,0.0,0.7,1.1,61.3,1.1,1.8,2.9,0.8,0.3,0.5,0.8,1.0
26,4.7,1.6,0.6,1.6,35.7,0.0,0.0,0.0,0.5,0.8,57.1,0.7,0.7,1.4,0.1,0.2,0.1,0.5,1.0
44,8.3,2.4,1.0,2.5,40.4,0.0,0.2,0.0,0.4,0.5,81.0,0.1,0.5,0.6,2.0,0.4,0.0,0.9,0.0
49,5.3,2.1,0.7,1.9,37.6,0.0,0.0,0.0,0.7,1.1,64.2,0.5,0.7,1.2,0.2,0.3,0.2,0.5,0.0
81,22.0,11.5,4.6,9.3,49.4,0.0,0.2,5.9,2.3,3.3,70.5,1.3,2.6,3.9,1.5,0.8,0.4,1.7,1.0
40,9.4,4.6,1.8,3.7,47.6,0.0,0.0,0.0,1.1,1.4,76.8,1.0,1.8,2.8,0.3,0.1,0.1,0.5,1.0
63,11.2,3.9,1.7,3.4,49.5,0.0,0.0,0.0,0.5,0.8,64.6,0.9,1.7,2.5,0.2,0.4,0.3,0.2,1.0
51,10.5,3.8,1.6,3.7,44.0,0.0,0.0,0.0,0.5,0.7,75.0,0.8,0.8,1.6,0.7,0.2,0.2,0.6,0.0
36,8.8,2.3,0.9,1.7,53.2,0.0,0.0,0.0,0.5,1.0,48.6,0.8,0.8,1.6,0.4,0.3,0.2,0.6,1.0
78,22.6,8.4,3.3,8.3,40.1,0.4,1.3,31.0,1.3,1.8,71.5,0.6,3.9,4.5,2.9,0.6,0.1,1.6,0.0
55,18.0,6.1,2.5,5.2,47.9,0.0,0.0,0.0,1.2,1.7,66.7,1.5,1.9,3.4,1.0,0.4,0.2,1.1,0.0
80,20.2,5.1,2.0,4.4,46.2,0.0,0.0,0.0,1.0,1.4,69.0,1.5,2.7,4.1,1.0,0.4,0.6,1.7,1.0
45,12.9,4.0,1.8,3.6,51.2,0.0,0.0,0.0,0.4,0.5,76.2,1.2,2.5,3.7,0.5,0.2,0.3,0.7,1.0
50,19.8,9.1,3.4,8.3,41.1,0.2,1.0,15.4,2.1,3.0,70.9,1.7,2.1,3.8,1.5,0.9,0.3,1.4,1.0
21,4.1,2.2,0.9,2.3,37.5,0.0,0.2,25.0,0.4,0.6,69.2,0.6,0.5,1.1,0.0,0.1,0.4,0.3,0.0
37,8.6,2.1,0.9,2.5,36.3,0.1,0.6,19.0,0.2,0.3,66.7,0.6,1.0,1.5,0.3,0.2,0.0,0.4,0.0
76,16.6,5.6,2.0,5.1,39.4,0.3,1.3,22.0,1.3,1.6,78.0,0.3,1.6,1.9,2.3,0.7,0.1,1.1,0.0
60,9.8,4.0,1.5,3.6,41.5,0.2,0.7,26.2,0.8,1.0,81.7,0.5,1.3,1.7,0.7,0.2,0.1,0.7,1.0
72,17.6,5.0,2.0,4.6,43.9,0.0,0.2,27.3,1.0,1.4,68.6,1.6,2.8,4.4,0.8,0.3,0.4,0.9,0.0
68,5.5,1.9,0.6,1.9,31.7,0.0,0.0,33.3,0.7,1.0,73.5,0.3,0.5,0.8,0.3,0.2,0.1,0.3,0.0
55,12.1,3.2,1.4,2.6,53.9,0.0,0.0,0.0,0.4,0.8,54.5,0.9,2.2,3.1,0.4,0.3,0.5,0.6,0.0
47,9.6,2.0,0.7,2.0,35.8,0.0,0.1,0.0,0.5,0.7,78.1,0.2,0.7,0.9,1.5,0.5,0.0,0.6,1.0
80,15.8,4.3,1.6,3.6,43.3,0.0,0.2,14.3,1.2,1.5,79.2,0.4,0.8,1.2,2.5,0.6,0.2,0.8,0.0
48,9.3,1.9,0.7,2.5,29.2,0.0,0.0,0.0,0.5,0.8,59.0,0.7,1.4,2.1,0.2,0.2,0.4,0.5,0.0
39,10.9,4.7,1.9,3.4,57.1,0.0,0.0,0.0,0.8,1.4,54.5,1.3,1.9,3.1,0.3,0.1,0.8,0.4,0.0
50,13.6,5.6,2.0,4.7,42.1,0.2,0.7,27.0,1.4,2.1,69.2,0.5,1.7,2.2,1.0,0.4,0.0,1.1,0.0
51,20.7,8.4,3.2,6.4,49.7,0.0,0.0,0.0,2.0,2.9,66.7,2.3,3.1,5.4,0.8,0.5,0.5,1.5,1.0
22,10.0,3.0,1.4,3.6,38.0,0.1,0.8,16.7,0.1,0.1,66.7,0.3,0.5,0.8,1.5,0.3,0.0,0.9,1.0
78,20.5,8.1,3.1,7.2,42.8,0.0,0.0,0.0,1.9,2.7,72.5,1.2,3.0,4.2,1.4,0.7,0.3,1.4,1.0
39,9.0,4.9,2.1,4.4,46.5,0.0,0.1,0.0,0.8,1.4,58.5,0.9,0.4,1.3,0.4,0.5,0.1,0.9,1.0
72,25.0,8.3,2.9,7.4,39.9,0.4,1.7,26.2,1.9,2.9,66.0,2.0,4.0,6.1,1.6,0.8,0.3,1.6,1.0
66,11.1,2.8,1.1,2.7,40.6,0.3,0.8,36.0,0.4,0.5,70.6,0.3,1.0,1.3,0.4,0.3,0.1,0.2,1.0
40,11.7,6.5,2.7,5.4,50.9,0.0,0.1,0.0,1.0,1.2,85.1,0.5,0.6,1.2,1.2,0.5,0.0,0.8,0.0
40,10.0,1.9,0.8,1.7,48.5,0.1,0.3,15.4,0.2,0.3,70.0,0.9,1.5,2.4,0.4,0.5,0.3,0.5,0.0
81,15.9,5.6,2.3,4.8,48.5,0.0,0.1,50.0,0.9,1.0,88.5,0.2,1.0,1.3,2.5,0.6,0.1,1.0,1.0
34,8.6,3.5,1.4,3.7,39.2,0.4,1.4,31.9,0.2,0.3,54.5,0.4,0.4,0.8,0.6,0.3,0.2,0.8,1.0
39,16.5,5.7,2.2,4.7,45.9,0.0,0.0,0.0,1.4,1.6,87.1,1.5,3.0,4.5,0.8,0.3,0.1,0.9,1.0
46,9.2,2.7,1.1,2.5,42.6,0.0,0.0,0.0,0.5,0.8,63.2,0.5,1.4,1.8,0.3,0.3,0.2,0.5,0.0
54,8.0,3.2,1.4,3.2,42.9,0.0,0.1,0.0,0.4,0.9,50.0,0.9,0.7,1.6,0.5,0.3,0.1,0.4,1.0
65,9.5,5.0,2.1,4.4,47.6,0.0,0.4,7.1,0.8,1.0,82.8,0.6,0.9,1.5,1.2,0.1,0.0,0.8,1.0
49,9.2,1.9,0.7,2.0,32.7,0.1,0.6,21.4,0.5,0.8,64.9,0.2,0.7,0.8,1.7,0.5,0.1,0.6,0.0
42,11.0,3.3,1.4,3.6,38.0,0.1,0.2,33.3,0.5,0.7,75.0,0.3,0.5,0.8,1.0,0.6,0.1,0.7,0.0
55,12.9,4.3,1.7,4.6,36.9,0.0,0.3,7.1,0.9,1.6,56.2,1.4,1.7,3.1,0.4,0.4,0.1,0.8,1.0
51,14.5,5.0,1.5,3.8,39.9,0.2,0.7,27.0,1.8,2.0,87.5,0.4,1.2,1.5,2.8,0.9,0.0,1.4,0.0
39,9.4,3.5,1.4,3.1,47.1,0.0,0.0,0.0,0.6,1.2,52.2,1.4,1.0,2.4,0.5,0.5,0.1,0.8,0.0
79,24.7,8.5,3.0,6.7,44.3,0.2,0.7,24.5,2.4,3.2,74.7,1.5,3.3,4.8,0.8,0.6,0.3,1.1,1.0
43,10.3,2.3,1.0,2.7,37.4,0.1,0.2,30.0,0.3,0.5,57.1,0.2,0.9,1.1,1.8,0.4,0.1,0.8,1.0
51,13.2,3.9,1.6,4.1,40.2,0.2,0.6,36.7,0.4,0.5,76.9,0.6,1.5,2.1,0.8,0.3,0.2,0.7,0.0
54,12.4,5.6,2.1,4.6,46.2,0.1,0.2,30.0,1.3,1.8,73.7,0.6,0.6,1.2,1.0,0.4,0.0,0.9,1.0
36,6.3,1.3,0.5,1.3,37.5,0.1,0.2,28.6,0.2,0.4,61.5,0.1,0.3,0.4,0.6,0.2,0.0,0.5,1.0
39,9.5,1.8,0.7,2.1,35.8,0.0,0.4,6.7,0.3,0.6,50.0,0.2,0.6,0.8,0.3,0.1,0.1,0.5,1.0
80,25.0,8.3,3.5,8.0,44.1,0.0,0.1,0.0,1.2,1.7,70.3,1.8,2.0,3.8,2.4,0.9,0.0,1.4,1.0
80,11.5,3.9,1.3,3.3,39.7,0.3,0.9,30.1,1.0,1.5,65.8,0.3,0.9,1.2,1.5,0.5,0.1,0.9,1.0
19,5.8,1.6,0.6,1.9,29.7,0.3,0.7,35.7,0.2,0.2,75.0,0.1,0.4,0.4,0.6,0.1,0.1,0.1,0.0
50,16.3,5.4,2.2,5.0,43.8,0.1,0.4,31.6,0.9,1.1,79.6,0.3,0.9,1.1,1.7,0.4,0.1,0.9,1.0
42,10.4,3.3,1.3,2.8,44.9,0.5,1.1,42.6,0.3,0.4,64.7,0.1,1.0,1.1,0.6,0.2,0.3,0.5,1.0
59,23.4,6.9,2.8,7.3,39.3,0.4,1.3,26.9,0.8,1.1,79.0,0.6,2.1,2.7,2.2,1.0,0.6,1.4,0.0
58,10.6,4.6,1.7,4.3,38.4,0.4,1.3,30.1,0.9,1.3,64.9,0.6,0.5,1.1,1.0,0.2,0.1,0.9,0.0
36,15.7,5.8,2.1,5.0,41.4,0.7,1.6,41.4,0.9,1.1,80.5,0.6,1.3,1.9,0.9,0.3,0.1,0.9,1.0
51,9.0,4.5,1.8,3.8,48.2,0.0,0.0,0.0,0.8,1.3,64.2,0.6,0.8,1.4,0.3,0.2,0.3,0.7,0.0
42,9.5,3.8,1.6,3.7,43.9,0.0,0.0,0.0,0.5,1.0,55.0,0.7,2.2,2.9,0.4,0.1,0.7,0.8,1.0
61,23.2,6.2,2.4,6.4,37.2,0.5,1.4,32.6,1.0,1.8,54.6,0.3,1.5,1.8,2.1,0.4,0.1,1.2,1.0
79,17.8,8.1,3.0,6.9,43.9,0.4,1.2,38.0,1.6,2.4,67.2,1.1,1.7,2.9,1.3,0.8,0.6,1.7,1.0
79,21.7,10.2,4.3,8.6,49.9,0.0,0.0,0.0,1.6,2.4,66.3,1.7,2.9,4.5,1.0,0.6,0.6,1.6,0.0
54,11.2,4.4,1.8,3.9,46.0,0.0,0.1,0.0,0.8,1.1,68.9,1.0,1.8,2.8,0.7,0.2,0.4,0.8,1.0
68,13.3,5.0,1.8,4.8,37.2,0.4,1.3,35.3,0.9,1.4,66.7,0.7,1.0,1.8,0.5,0.4,0.3,0.8,0.0
33,4.6,1.1,0.5,1.2,39.0,0.0,0.0,0.0,0.2,0.2,62.5,0.3,0.5,0.8,0.1,0.1,0.1,0.1,0.0
49,9.3,2.9,1.2,2.8,44.5,0.1,0.4,18.2,0.3,0.5,61.5,0.1,0.6,0.7,3.0,0.2,0.0,0.7,1.0
35,5.1,3.2,1.4,2.5,55.1,0.0,0.0,0.0,0.4,0.7,56.5,0.5,0.8,1.2,0.3,0.0,0.3,1.1,0.0
58,20.6,7.4,3.1,6.6,46.6,0.0,0.2,22.2,1.3,1.7,78.1,2.0,4.1,6.1,1.2,0.5,0.6,1.3,0.0
52,13.4,4.8,2.1,4.2,50.7,0.0,0.0,0.0,0.5,0.8,67.5,1.3,2.8,4.1,0.5,0.4,0.8,0.7,1.0
54,11.3,5.7,2.2,3.8,56.8,0.0,0.1,0.0,1.3,2.0,66.1,1.4,2.0,3.4,0.3,0.6,0.7,0.8,1.0
65,16.4,5.3,2.1,3.9,54.9,0.0,0.0,0.0,1.0,1.6,67.3,1.5,2.4,3.9,0.5,0.5,0.7,0.6,1.0
64,4.2,0.9,0.3,0.8,42.9,0.0,0.1,0.0,0.3,0.4,65.4,0.4,0.3,0.8,0.2,0.2,0.1,0.1,0.0
44,6.4,2.4,1.0,1.9,53.7,0.0,0.0,0.0,0.4,0.7,50.0,0.4,1.0,1.4,0.2,0.2,0.4,0.6,1.0
15,11.0,5.4,1.8,4.1,43.5,0.3,0.6,44.4,1.5,2.0,76.7,0.1,1.1,1.3,1.9,0.4,0.2,0.7,0.0
42,8.5,3.7,1.4,3.5,38.3,0.1,0.3,21.4,1.0,1.4,67.8,0.4,0.7,1.1,0.3,0.2,0.0,0.7,0.0
53,9.4,2.2,0.8,2.3,36.6,0.2,0.6,29.4,0.3,0.4,60.9,0.1,0.4,0.5,2.2,0.5,0.1,1.0,0.0
77,15.1,5.4,2.1,5.0,42.1,0.1,0.4,21.2,1.1,1.5,73.1,0.6,1.5,2.0,1.4,0.6,0.1,1.0,1.0
79,16.8,8.0,3.2,6.5,48.6,0.0,0.2,0.0,1.6,2.2,74.7,0.6,1.3,1.9,1.5,0.7,0.2,1.2,1.0
33,10.8,2.2,0.9,2.7,34.8,0.1,0.3,27.3,0.3,0.4,64.3,0.2,2.0,2.2,0.8,0.5,0.2,0.3,0.0
38,16.4,4.3,1.3,3.7,34.8,0.6,1.6,36.1,1.1,1.6,67.7,0.4,1.1,1.5,2.6,0.7,0.1,1.4,1.0
82,21.2,6.9,2.7,5.0,54.2,0.0,0.0,0.0,1.5,3.2,48.5,2.1,3.8,5.9,0.8,0.7,0.6,1.3,0.0
40,8.5,1.8,0.6,2.1,30.5,0.3,0.8,33.3,0.3,0.4,80.0,0.1,0.6,0.7,1.3,0.3,0.0,0.9,1.0
33,16.4,5.3,2.0,5.3,37.1,0.2,1.4,17.4,1.1,1.3,86.0,0.2,1.5,1.6,2.8,0.4,0.0,1.5,0.0
54,9.9,2.8,1.0,2.1,48.7,0.0,0.0,0.0,0.8,1.0,75.9,0.9,1.1,2.0,0.3,0.4,0.2,0.8,1.0
62,15.8,3.9,1.5,3.4,45.7,0.0,0.0,0.0,0.8,1.3,61.4,0.7,2.0,2.7,1.1,0.7,0.2,0.9,0.0
40,11.5,1.8,0.8,2.5,32.7,0.0,0.0,0.0,0.1,0.2,55.6,0.2,0.7,0.9,1.4,0.5,0.1,0.9,0.0
36,4.3,2.0,0.6,1.9,33.8,0.1,0.2,28.6,0.7,0.8,80.0,0.2,0.4,0.6,0.3,0.1,0.0,0.6,0.0
51,22.5,8.6,3.4,8.7,38.9,0.0,0.1,0.0,1.8,2.8,66.7,1.7,2.0,3.7,1.2,0.9,0.1,1.2,0.0
39,6.8,2.2,0.9,2.1,42.0,0.2,0.6,24.0,0.3,0.6,48.0,0.8,1.0,1.7,0.5,0.4,0.3,0.3,1.0
57,10.4,3.1,1.3,3.2,41.7,0.0,0.1,20.0,0.5,0.8,56.5,1.1,1.7,2.9,0.3,0.3,0.3,0.4,0.0
76,11.5,3.0,1.3,3.2,39.3,0.3,0.9,27.9,0.2,0.3,69.6,0.3,0.9,1.2,0.9,0.1,0.1,0.8,1.0
35,6.9,2.3,0.9,2.4,36.5,0.0,0.1,33.3,0.5,0.6,81.8,0.5,0.3,0.9,0.7,0.1,0.1,0.3,0.0
39,8.5,3.5,1.4,2.6,52.4,0.0,0.0,0.0,0.7,1.2,60.4,0.8,0.9,1.7,0.3,0.3,0.1,0.7,0.0
78,28.6,6.4,2.5,5.9,42.2,0.4,1.5,27.6,1.0,1.5,68.4,1.0,4.1,5.2,1.5,0.9,0.3,1.2,0.0
67,23.7,8.6,3.4,7.9,43.0,0.3,1.0,30.3,1.4,2.1,70.3,2.2,3.3,5.5,1.4,1.0,0.8,1.0,1.0
41,9.6,4.1,1.2,3.1,38.8,0.2,0.6,36.0,1.4,2.1,68.2,0.5,0.9,1.4,0.4,0.3,0.4,0.7,0.0
69,17.5,5.5,2.2,4.0,54.5,0.0,0.1,42.9,1.0,1.3,80.9,1.2,2.5,3.7,0.5,0.2,0.6,0.7,1.0
68,10.6,4.1,1.5,3.4,44.3,0.0,0.0,0.0,1.1,1.7,66.1,0.6,1.5,2.1,0.4,0.2,0.3,0.8,1.0
42,27.1,7.6,3.2,8.0,40.7,0.1,0.4,20.0,1.1,1.3,83.3,1.2,3.2,4.5,2.3,0.9,0.4,1.8,1.0
82,18.9,7.2,3.0,5.6,53.3,0.5,1.1,42.4,0.7,0.9,78.9,1.3,2.2,3.5,0.6,0.5,0.2,0.5,1.0
54,11.4,4.6,1.9,3.6,51.0,0.0,0.0,0.0,0.9,1.1,82.0,0.4,0.7,1.2,0.5,0.3,0.0,0.8,1.0
43,8.3,2.6,0.9,2.4,35.6,0.1,0.4,21.1,0.8,1.1,74.5,0.3,0.9,1.3,0.3,0.2,0.2,0.3,1.0
35,7.7,2.2,0.9,1.6,52.6,0.0,0.1,0.0,0.5,0.8,55.2,0.5,1.2,1.7,0.2,0.1,0.1,0.4,0.0
76,14.9,5.5,2.2,4.6,48.1,0.1,0.5,27.0,1.0,1.2,78.5,0.6,1.2,1.7,3.5,0.9,0.0,1.4,0.0
73,29.7,11.6,4.7,9.2,51.1,0.4,1.1,35.9,1.8,2.2,82.6,1.2,2.5,3.7,2.8,0.8,0.3,1.1,0.0
12,6.3,1.7,0.5,1.7,30.0,0.1,0.5,16.7,0.6,1.0,58.3,0.2,0.5,0.7,1.2,0.3,0.2,0.9,0.0
68,15.1,6.6,2.7,4.6,58.1,0.0,0.0,0.0,1.3,1.8,72.7,1.5,2.8,4.2,0.5,0.5,0.5,1.4,1.0
46,11.5,4.1,1.5,2.9,53.0,0.0,0.1,40.0,1.0,1.7,61.8,1.5,1.8,3.3,0.8,0.4,0.1,0.8,1.0
52,10.1,3.2,1.5,3.5,42.0,0.0,0.0,0.0,0.3,0.5,57.1,0.8,1.7,2.5,0.3,0.1,0.6,0.4,0.0
62,17.8,7.0,3.0,7.0,42.7,0.3,0.8,30.8,0.8,1.1,72.7,2.0,3.5,5.4,0.8,0.4,0.3,0.9,0.0
69,13.6,4.5,1.6,3.2,48.4,0.0,0.0,0.0,1.4,2.2,66.0,1.4,1.6,3.0,0.4,0.5,0.3,0.9,1.0
79,19.2,8.5,3.4,8.5,40.5,0.4,1.5,29.9,1.1,1.4,82.4,0.2,1.3,1.5,1.3,0.4,0.2,1.3,1.0
35,24.5,10.4,4.3,12.2,35.6,0.4,1.7,22.4,1.4,1.9,72.7,1.6,1.8,3.4,1.7,0.8,0.6,1.8,1.0
37,5.3,1.9,0.7,1.7,39.7,0.2,0.8,32.1,0.4,0.5,65.0,0.2,0.5,0.7,0.5,0.3,0.1,0.3,1.0
44,11.8,2.8,1.0,3.1,31.4,0.0,0.0,0.0,0.8,1.0,78.3,0.9,1.8,2.7,0.8,0.3,0.2,0.7,0.0
25,10.4,3.3,1.2,3.0,39.5,0.2,0.5,38.5,0.7,1.0,69.2,1.1,2.3,3.4,0.2,0.2,0.4,0.4,0.0
71,16.3,4.8,2.0,3.9,50.9,0.0,0.0,0.0,0.9,1.4,62.0,1.8,2.7,4.5,0.5,0.4,0.8,0.7,1.0
47,11.5,3.7,1.7,2.9,58.2,0.0,0.0,0.0,0.4,0.6,64.3,1.6,1.5,3.1,0.2,0.4,0.2,0.4,0.0
65,14.5,5.5,1.9,3.8,48.8,0.0,0.0,0.0,1.8,2.6,68.9,1.5,2.1,3.6,0.3,0.2,0.2,0.7,0.0
27,9.2,2.9,1.3,3.2,39.5,0.0,0.2,20.0,0.3,0.5,69.2,0.9,1.1,2.0,0.5,0.3,0.1,0.4,0.0
79,25.6,9.4,3.6,8.6,41.9,0.5,1.5,31.1,1.7,2.2,77.8,1.7,3.4,5.1,1.6,0.7,0.6,1.1,1.0
53,12.3,1.5,0.5,1.6,32.6,0.0,0.0,0.0,0.4,0.7,56.4,1.0,2.1,3.1,0.4,0.2,0.8,0.8,0.0
45,10.2,3.5,1.5,4.0,38.3,0.0,0.2,11.1,0.4,0.8,51.4,0.3,0.4,0.7,1.5,0.8,0.1,0.9,0.0
35,8.1,3.3,1.2,2.8,44.3,0.0,0.1,0.0,0.8,1.0,77.8,0.9,1.0,1.9,0.4,0.5,0.2,0.6,0.0
77,12.4,6.1,2.3,4.8,47.8,0.0,0.0,0.0,1.5,2.4,64.6,1.2,1.4,2.7,0.8,0.6,0.4,0.9,1.0
69,13.3,5.1,2.0,4.3,46.4,0.4,1.4,30.5,0.7,0.8,82.1,0.5,2.0,2.5,0.5,0.4,0.4,0.7,1.0
77,16.5,5.7,1.9,4.8,40.3,0.3,0.9,32.9,1.5,1.9,78.1,0.4,1.7,2.1,1.8,0.6,0.3,1.0,1.0
41,8.8,2.6,0.9,2.6,34.3,0.2,0.8,30.3,0.6,0.9,72.2,0.1,0.5,0.6,1.2,0.5,0.1,0.8,0.0
36,12.0,3.1,1.2,3.5,33.6,0.3,1.4,24.5,0.4,0.7,62.5,0.1,0.8,0.9,1.4,0.4,0.0,0.7,0.0
67,10.1,3.1,1.2,3.2,38.4,0.0,0.2,18.8,0.6,0.9,66.1,0.2,0.6,0.9,2.5,0.5,0.0,1.1,1.0
52,12.8,4.2,1.5,4.3,35.6,0.3,1.0,24.5,0.8,1.3,63.8,0.9,2.0,3.0,0.3,0.4,0.1,0.9,1.0
38,8.5,3.2,1.3,3.3,40.8,0.0,0.0,0.0,0.5,0.7,64.3,0.6,1.1,1.6,0.3,0.2,0.4,0.5,0.0
55,9.2,3.7,1.3,2.9,44.4,0.0,0.0,50.0,1.1,1.9,55.8,0.7,0.8,1.5,1.6,0.8,0.3,0.9,1.0
62,14.0,4.5,1.8,4.1,43.1,0.1,0.5,14.7,0.9,1.2,70.1,0.7,1.1,1.8,1.4,0.3,0.2,1.0,0.0
62,12.5,3.9,1.4,3.7,38.4,0.1,0.5,16.1,1.0,1.2,80.5,0.3,0.8,1.0,1.3,0.5,0.1,0.9,0.0
68,11.6,2.7,1.0,2.6,36.7,0.3,0.8,32.1,0.5,0.6,86.0,0.6,1.2,1.8,1.0,0.4,0.1,0.6,0.0
79,17.9,6.4,2.4,5.5,44.2,0.0,0.0,0.0,1.5,2.5,59.5,2.1,2.4,4.5,0.6,0.6,0.5,1.1,1.0
36,15.6,5.3,2.0,5.5,36.7,0.2,0.8,25.9,1.0,1.3,78.3,0.5,1.0,1.4,3.0,0.9,0.0,1.5,0.0
33,19.5,7.2,2.4,4.8,49.7,0.1,0.3,40.0,2.3,2.7,84.3,1.4,1.9,3.3,1.4,0.6,0.3,0.9,1.0
77,11.0,3.5,1.4,3.4,42.9,0.2,0.7,28.6,0.5,0.7,66.0,0.2,0.6,0.7,2.3,0.3,0.0,1.1,0.0
82,26.8,10.3,3.8,8.5,44.8,0.2,0.5,31.7,2.5,3.2,79.2,1.9,2.5,4.5,2.1,0.8,0.8,1.6,1.0
53,12.4,4.3,1.3,3.6,36.5,0.1,0.5,25.9,1.6,1.9,80.6,0.2,0.9,1.1,1.5,0.3,0.0,1.1,1.0
58,22.6,7.2,2.9,6.7,43.7,0.3,1.1,29.0,1.0,1.6,65.6,0.6,2.0,2.6,3.2,0.6,0.3,1.0,0.0
78,23.0,7.2,2.9,6.8,42.5,0.2,0.6,31.8,1.3,1.6,80.8,0.5,3.4,3.9,2.0,0.6,0.2,1.0,1.0
51,13.4,4.8,1.8,4.1,44.5,0.0,0.0,0.0,1.1,1.6,72.5,0.6,1.6,2.2,0.8,0.4,0.3,0.9,0.0
30,11.0,3.2,1.2,3.2,36.5,0.1,0.2,40.0,0.8,1.5,55.6,0.7,0.9,1.6,0.7,0.3,0.1,0.6,0.0
49,7.6,1.8,0.7,1.8,35.6,0.0,0.2,22.2,0.5,0.7,75.0,0.6,1.0,1.6,0.3,0.2,0.2,0.3,0.0
51,7.5,2.7,1.1,3.0,37.1,0.0,0.1,40.0,0.5,0.7,72.2,0.4,0.9,1.2,0.4,0.1,0.3,0.5,1.0
80,15.4,3.2,1.3,3.2,39.5,0.1,0.5,22.5,0.6,0.9,66.2,0.5,1.4,1.8,1.6,1.0,0.1,1.4,0.0
56,14.3,5.0,2.1,4.4,48.6,0.0,0.0,0.0,0.7,1.2,58.0,1.2,2.0,3.2,0.6,0.4,0.1,0.7,1.0
36,14.4,5.8,2.3,5.4,43.1,0.0,0.1,50.0,1.1,1.4,82.0,1.1,1.4,2.4,0.9,0.3,0.2,0.9,1.0
48,14.8,5.1,2.1,5.1,40.7,0.0,0.4,9.5,0.9,1.2,80.4,0.6,1.1,1.7,2.1,0.9,0.0,1.3,0.0
57,11.2,4.1,1.8,3.5,51.3,0.0,0.0,0.0,0.5,0.8,66.7,1.1,2.5,3.7,0.9,0.2,0.5,0.7,1.0
53,13.7,4.1,1.6,4.0,41.2,0.0,0.1,33.3,0.8,1.2,68.3,0.2,0.9,1.1,2.6,0.5,0.1,1.0,1.0
44,9.4,2.7,1.0,3.3,31.3,0.3,0.9,32.5,0.3,0.4,78.9,0.3,0.7,1.0,1.0,0.4,0.1,0.8,1.0
75,21.5,7.1,2.9,5.3,54.3,0.0,0.0,0.0,1.3,1.8,73.7,1.7,3.5,5.2,0.7,0.6,0.4,1.1,1.0
52,6.2,1.3,0.5,1.4,37.3,0.0,0.0,0.0,0.2,0.4,54.5,0.8,0.7,1.5,0.1,0.1,0.1,0.1,0.0
77,15.9,6.2,2.7,5.6,47.6,0.0,0.1,25.0,0.8,1.1,73.5,1.2,2.1,3.3,0.8,0.3,0.3,1.1,0.0
78,16.3,5.4,2.1,5.1,40.0,0.1,0.2,29.4,1.2,1.8,70.8,0.3,1.4,1.7,2.7,0.6,0.0,1.8,1.0
72,7.3,2.5,0.8,2.0,41.5,0.0,0.1,0.0,0.8,1.1,73.8,0.7,0.6,1.3,0.6,0.3,0.0,0.5,0.0
69,16.1,5.5,2.1,5.1,41.4,0.4,1.2,33.8,0.9,1.1,82.3,0.5,1.1,1.6,2.4,0.8,0.1,1.2,1.0
33,15.6,3.0,1.3,4.0,31.8,0.2,1.1,16.7,0.3,0.5,52.9,0.4,1.0,1.4,2.5,0.4,0.1,0.7,0.0
68,14.6,5.7,2.4,5.5,43.2,0.0,0.2,0.0,0.9,1.2,76.2,0.3,1.2,1.4,2.5,0.8,0.1,1.7,1.0
55,10.8,4.8,2.0,3.9,50.5,0.0,0.2,16.7,0.8,1.1,72.4,0.7,0.7,1.4,0.7,0.5,0.1,0.8,0.0
31,12.6,3.1,1.2,2.7,45.8,0.0,0.0,0.0,0.7,1.0,65.6,1.2,2.9,4.1,0.2,0.2,0.7,0.6,0.0
53,8.5,3.1,1.2,2.2,51.7,0.0,0.0,0.0,0.8,1.1,73.7,0.6,1.4,2.0,0.1,0.1,0.1,0.6,0.0
71,19.3,9.0,3.6,8.5,42.0,0.4,1.1,36.4,1.5,1.9,77.4,0.5,1.3,1.8,1.5,0.4,0.1,1.2,1.0
48,6.9,3.2,1.3,3.1,40.7,0.0,0.0,0.0,0.6,0.8,79.5,0.8,1.3,2.0,0.3,0.1,0.2,0.8,1.0
44,13.3,4.9,1.8,4.0,46.0,0.1,0.3,25.0,1.2,1.4,82.3,0.3,0.8,1.1,1.2,0.3,0.2,0.7,1.0
77,16.4,6.4,2.4,5.0,47.5,0.2,0.4,38.7,1.5,2.0,73.7,1.1,1.8,2.9,0.8,1.0,0.3,1.0,1.0
42,8.2,2.8,1.0,2.3,43.9,0.0,0.0,0.0,0.7,1.4,52.5,0.9,1.0,1.9,0.3,0.1,0.1,0.8,0.0
51,15.1,5.7,2.2,5.2,41.2,0.3,0.8,32.5,1.1,1.6,69.1,0.4,1.3,1.7,2.1,0.7,0.0,1.4,0.0
78,22.6,7.5,2.8,6.1,46.2,0.4,1.2,32.3,1.5,1.9,77.7,1.7,3.2,4.9,1.2,0.7,0.8,1.0,1.0
74,16.1,5.3,2.0,4.0,49.2,0.0,0.0,0.0,1.3,2.1,63.2,2.1,3.1,5.2,0.3,0.5,0.4,1.0,1.0
39,11.3,4.1,1.7,3.9,43.1,0.1,0.3,25.0,0.7,1.0,68.4,0.5,0.8,1.4,0.2,0.2,0.5,0.5,0.0
44,7.6,2.5,1.0,2.1,46.2,0.0,0.2,11.1,0.5,0.9,56.1,0.5,0.8,1.3,0.4,0.3,0.0,0.4,0.0
59,12.8,3.4,1.3,2.6,51.0,0.2,0.3,50.0,0.7,0.8,78.0,1.1,2.3,3.3,0.5,0.3,0.4,0.5,1.0
27,7.5,2.8,1.0,3.3,29.5,0.3,1.1,22.6,0.6,0.7,89.5,0.0,0.2,0.3,1.0,0.2,0.0,0.6,0.0
59,10.7,5.0,1.9,4.7,41.1,0.0,0.4,4.5,1.1,1.3,86.8,0.6,0.6,1.2,0.5,0.3,0.1,0.8,1.0
75,15.8,7.3,2.7,5.3,51.3,0.0,0.0,0.0,1.9,2.7,69.9,1.1,1.9,3.0,1.1,0.3,0.3,1.4,1.0
71,16.0,6.9,2.9,6.3,46.4,0.0,0.2,0.0,1.1,1.5,72.0,1.0,1.8,2.7,1.2,0.5,0.4,1.0,0.0
49,6.9,3.1,1.2,2.8,44.4,0.0,0.0,0.0,0.6,0.8,73.2,0.4,1.0,1.5,0.1,0.1,0.0,0.4,0.0
50,10.3,3.7,1.4,3.4,41.2,0.4,1.2,36.1,0.4,0.5,80.8,0.2,0.7,0.9,1.7,0.3,0.0,1.1,1.0
61,8.1,3.1,1.0,2.8,37.6,0.0,0.0,0.0,1.0,1.5,65.6,0.7,1.0,1.8,0.2,0.3,0.2,0.7,0.0
79,16.0,7.7,3.2,6.4,50.2,0.0,0.1,25.0,1.3,1.7,77.3,1.6,2.2,3.7,0.4,0.3,0.7,0.6,1.0
58,11.6,4.8,1.8,4.9,36.5,0.4,1.3,31.5,0.8,1.2,67.2,0.6,0.8,1.3,1.2,0.5,0.3,0.9,1.0
65,21.3,9.5,3.7,8.8,41.7,0.3,0.7,37.0,1.9,2.3,82.0,0.6,1.6,2.2,1.0,0.7,0.1,1.1,0.0
70,9.5,2.2,0.8,1.7,44.6,0.0,0.0,0.0,0.6,0.9,73.8,0.8,1.6,2.4,0.2,0.2,0.5,0.6,0.0
42,8.1,3.0,1.1,2.9,37.2,0.1,0.6,24.0,0.8,1.2,65.3,0.4,0.4,0.8,0.4,0.3,0.1,0.4,0.0
51,5.7,2.2,0.7,1.5,47.4,0.0,0.0,0.0,0.7,0.9,78.3,0.4,1.0,1.4,0.2,0.2,0.0,0.5,1.0
80,17.8,8.3,3.3,7.3,44.8,0.3,1.1,26.2,1.5,1.9,78.7,0.5,1.0,1.5,2.2,0.7,0.1,1.4,0.0
41,9.9,2.9,1.0,2.7,37.5,0.3,1.2,28.0,0.5,0.7,72.4,0.2,0.7,0.9,0.6,0.4,0.1,0.5,0.0
54,8.7,3.4,1.2,2.6,45.3,0.6,1.7,37.0,0.4,0.5,88.5,0.2,0.8,1.0,0.4,0.3,0.1,0.1,0.0
46,6.7,2.6,1.1,2.5,43.1,0.2,0.8,27.0,0.2,0.4,52.6,0.4,0.4,0.8,0.5,0.2,0.0,0.3,0.0
58,13.1,2.7,1.1,2.9,37.4,0.1,0.4,24.0,0.4,0.6,71.9,0.3,0.7,1.0,3.1,0.3,0.1,1.0,0.0
78,20.3,9.3,3.4,6.2,55.7,0.0,0.0,0.0,2.4,3.4,71.5,1.9,3.2,5.1,1.0,0.2,0.4,1.5,1.0
27,12.4,5.0,1.6,3.7,43.6,0.5,1.4,35.1,1.3,1.9,70.0,0.2,0.9,1.1,0.8,0.5,0.2,1.0,1.0
55,12.4,4.8,1.7,3.7,46.6,0.0,0.0,0.0,1.3,1.9,68.0,1.2,1.8,3.0,0.3,0.2,0.4,0.8,0.0
67,16.6,7.0,3.2,5.8,54.9,0.0,0.1,0.0,0.7,1.0,73.4,0.8,1.9,2.7,0.5,0.7,0.4,0.6,1.0
51,15.0,4.8,1.9,4.6,41.9,0.0,0.1,33.3,0.9,1.4,65.7,0.9,1.7,2.6,1.2,0.7,0.3,0.9,1.0
41,15.2,3.7,1.4,3.8,35.7,0.1,0.3,35.7,0.8,1.6,50.7,2.0,3.2,5.2,0.6,0.4,0.3,0.8,1.0
51,6.6,2.5,1.0,2.0,51.0,0.0,0.0,50.0,0.4,0.5,71.4,0.8,1.1,1.9,0.3,0.2,0.3,0.5,1.0
71,16.8,5.6,2.5,5.5,46.4,0.0,0.0,0.0,0.5,0.8,59.6,1.1,1.2,2.3,1.1,0.5,0.4,0.4,1.0
82,18.3,5.2,2.1,4.6,45.6,0.5,1.3,39.1,0.5,0.8,57.4,0.3,1.1,1.4,3.3,0.7,0.1,1.0,1.0
22,7.2,2.3,1.0,2.7,35.6,0.0,0.5,10.0,0.4,0.7,53.3,0.3,0.7,1.0,1.1,0.2,0.1,0.8,0.0
57,9.6,3.2,1.2,2.8,43.8,0.0,0.0,0.0,0.7,1.2,58.8,0.9,1.1,1.9,0.4,0.2,0.1,0.8,1.0
56,16.7,6.4,2.5,4.9,51.3,0.0,0.1,33.3,1.3,1.8,72.0,1.2,2.9,4.0,0.6,0.8,0.3,1.2,0.0
54,10.3,3.3,1.6,3.5,44.5,0.0,0.1,0.0,0.1,0.3,47.1,0.8,1.4,2.2,0.5,0.3,0.2,0.5,0.0
57,7.6,3.2,1.0,2.8,36.4,0.0,0.1,25.0,1.1,1.2,92.9,0.2,0.6,0.8,1.2,0.3,0.1,0.9,1.0
38,9.9,4.0,1.6,2.9,55.4,0.0,0.0,0.0,0.7,1.1,67.5,1.0,1.6,2.6,0.2,0.2,0.6,0.3,1.0
55,14.9,4.1,1.7,4.1,41.7,0.1,0.1,37.5,0.6,0.8,76.1,0.5,1.0,1.5,1.5,0.7,0.2,0.8,0.0
78,16.1,6.2,2.6,6.0,42.5,0.0,0.1,0.0,1.1,1.7,67.2,1.5,2.8,4.3,0.4,0.2,0.3,1.4,0.0
73,16.1,5.5,2.4,4.9,48.7,0.0,0.0,0.0,0.7,1.0,66.2,1.7,3.1,4.8,0.5,0.3,0.3,0.7,1.0
57,19.0,7.6,2.7,6.7,40.1,0.1,0.3,18.8,2.2,2.7,81.4,0.6,1.7,2.3,2.8,0.9,0.1,1.4,1.0
55,12.5,6.2,2.6,5.7,45.9,0.1,0.3,26.3,0.9,1.1,77.0,0.7,0.9,1.6,1.3,0.3,0.1,0.8,0.0
80,19.8,6.7,2.5,5.2,47.8,0.4,1.1,33.3,1.4,1.7,81.2,0.7,2.3,3.1,0.8,0.5,0.2,1.1,1.0
40,5.3,2.2,0.7,1.8,38.0,0.0,0.0,0.0,0.9,1.1,75.6,0.5,0.7,1.2,0.3,0.1,0.1,0.5,0.0
74,17.0,5.4,1.9,3.9,47.8,0.0,0.1,20.0,1.6,2.0,79.3,0.9,1.2,2.1,1.5,0.8,0.3,1.1,1.0
35,13.9,4.8,1.6,3.7,43.4,0.0,0.1,0.0,1.6,2.3,69.5,0.7,1.6,2.4,0.9,0.2,0.1,0.7,0.0
34,10.2,4.8,1.8,4.8,38.0,0.0,0.3,10.0,1.1,1.3,82.2,0.4,1.1,1.5,0.4,0.1,0.0,0.7,0.0
51,11.9,6.9,2.9,6.7,43.8,0.0,0.3,11.8,1.0,1.5,68.4,1.1,0.9,2.0,0.8,0.6,0.2,0.8,0.0
82,21.2,6.9,2.7,5.0,54.2,0.0,0.0,0.0,1.5,3.2,48.5,2.1,3.8,5.9,0.8,0.7,0.6,1.3,1.0
67,13.6,4.6,2.0,4.7,42.3,0.1,0.4,25.0,0.5,0.7,72.9,1.0,1.6,2.6,1.8,0.6,0.3,0.9,0.0
44,7.6,2.5,1.0,2.1,46.2,0.0,0.2,11.1,0.5,0.9,56.1,0.5,0.8,1.3,0.4,0.3,0.0,0.4,1.0
61,13.2,5.3,2.1,4.8,43.7,0.0,0.0,0.0,1.0,1.6,64.3,1.0,1.8,2.8,0.8,0.2,0.2,0.8,1.0
47,4.7,1.9,0.7,1.5,48.6,0.0,0.0,0.0,0.4,0.8,54.1,0.5,0.7,1.3,0.2,0.1,0.2,0.3,1.0
79,13.4,2.9,1.1,3.3,32.7,0.2,0.8,20.9,0.6,0.7,81.8,0.7,2.6,3.3,0.7,0.5,0.3,0.7,1.0
22,13.5,3.5,1.2,3.8,31.3,0.1,0.8,11.1,1.0,1.3,82.1,0.3,1.1,1.5,2.1,0.6,0.3,1.3,0.0
32,11.5,3.7,1.3,3.2,42.6,0.3,0.8,34.6,0.7,0.9,79.3,0.4,0.6,1.0,1.1,0.5,0.0,0.6,1.0
47,13.1,4.3,1.7,3.2,53.6,0.0,0.0,0.0,0.9,1.6,55.4,1.2,2.7,3.9,0.1,0.4,0.7,0.6,1.0
36,5.1,2.2,0.8,1.8,45.3,0.0,0.0,0.0,0.6,1.3,44.4,0.9,1.2,2.1,0.2,0.1,0.1,1.0,1.0
36,4.3,1.3,0.5,1.4,35.3,0.1,0.5,11.8,0.3,0.4,66.7,0.2,0.4,0.6,0.6,0.1,0.0,0.5,0.0
62,8.5,2.6,1.0,1.9,51.3,0.0,0.0,0.0,0.6,1.0,65.0,0.9,1.5,2.4,0.1,0.3,0.8,0.5,1.0
51,13.8,5.6,2.2,4.4,51.4,0.2,0.9,18.2,1.0,1.5,68.9,1.2,1.4,2.6,0.6,0.4,0.8,0.6,0.0
44,12.3,3.8,1.5,4.1,37.2,0.3,1.0,28.9,0.5,0.6,71.4,0.4,0.9,1.3,1.4,0.4,0.1,0.9,0.0
24,6.0,2.7,0.9,2.1,41.2,0.0,0.3,16.7,0.9,1.3,71.0,0.7,0.5,1.3,0.1,0.2,0.1,0.5,1.0
82,19.3,6.6,2.6,5.7,46.0,0.0,0.1,0.0,1.4,2.1,67.8,1.8,1.7,3.5,1.9,0.7,0.1,1.4,1.0
54,10.6,3.8,1.6,3.4,47.8,0.0,0.0,0.0,0.6,0.7,81.1,1.0,1.5,2.5,0.6,0.2,0.2,0.8,0.0
63,19.0,6.0,2.5,4.3,57.5,0.0,0.0,0.0,1.0,1.9,55.1,2.3,3.6,5.8,0.7,0.3,0.4,0.8,0.0
41,8.3,3.1,1.2,2.9,42.7,0.0,0.0,0.0,0.7,0.9,75.0,0.6,0.7,1.4,1.1,0.3,0.0,0.6,0.0
41,5.6,2.4,0.9,2.0,42.2,0.0,0.0,0.0,0.7,1.1,68.2,0.5,0.5,1.0,0.2,0.2,0.1,0.3,1.0
46,12.1,4.7,2.1,4.2,50.8,0.1,0.2,33.3,0.5,0.6,75.0,1.0,1.6,2.6,0.5,0.3,0.4,0.4,1.0
57,15.1,4.8,2.0,3.6,54.9,0.0,0.1,0.0,0.9,1.4,60.5,1.3,2.2,3.5,0.3,0.2,0.4,1.0,1.0
42,9.8,1.9,0.9,2.0,43.0,0.0,0.0,0.0,0.2,0.3,50.0,1.0,1.8,2.9,0.5,0.2,0.3,0.4,0.0
64,15.3,3.9,1.6,3.6,43.7,0.1,0.3,40.9,0.7,1.0,64.6,0.5,1.0,1.5,2.4,0.6,0.2,1.6,1.0
42,8.1,3.4,1.3,2.9,45.8,0.0,0.0,0.0,0.8,1.2,65.4,0.5,1.0,1.5,0.2,0.2,0.1,0.4,0.0
35,19.6,7.3,3.0,6.9,43.8,0.3,0.9,30.0,1.0,1.5,63.0,1.1,2.5,3.6,0.9,0.4,0.5,0.8,1.0
64,10.9,3.7,1.5,3.4,44.1,0.0,0.1,0.0,0.6,0.9,70.2,0.4,0.7,1.1,2.1,0.4,0.2,1.1,1.0
67,16.7,5.0,2.0,4.2,48.4,0.0,0.3,9.1,0.9,1.5,61.4,0.9,1.8,2.7,0.8,1.0,0.3,0.8,1.0
53,13.2,4.9,2.1,3.9,53.4,0.0,0.0,0.0,0.8,1.0,77.4,1.3,2.1,3.4,0.9,0.4,0.2,0.8,0.0
74,11.6,3.1,1.3,3.1,41.6,0.0,0.1,25.0,0.6,0.9,65.2,0.8,1.1,1.9,0.7,0.5,0.2,0.3,1.0
51,6.4,2.2,0.8,2.2,38.4,0.3,0.6,43.3,0.3,0.4,83.3,0.3,0.5,0.8,0.3,0.1,0.0,0.3,0.0
60,8.7,2.9,1.0,2.2,44.4,0.0,0.1,0.0,0.9,1.3,69.7,0.2,0.9,1.2,1.7,0.6,0.1,0.6,0.0
63,10.7,3.7,1.4,3.3,42.7,0.4,1.3,31.6,0.5,0.8,63.3,0.4,1.7,2.1,0.2,0.3,0.1,0.5,0.0
42,10.0,3.8,1.3,3.7,35.7,0.4,1.4,28.3,0.8,1.0,78.6,0.5,1.1,1.7,0.7,0.3,0.2,0.5,0.0
48,10.3,5.7,2.3,5.4,41.5,0.4,1.5,30.0,0.7,0.8,87.5,0.8,0.9,1.7,0.2,0.2,0.1,0.7,1.0
75,17.6,6.9,2.8,5.6,49.5,0.0,0.1,0.0,1.4,2.4,57.8,1.4,1.6,3.0,1.0,0.7,0.3,1.2,1.0
59,12.4,4.1,1.6,2.9,54.7,0.0,0.1,25.0,0.9,1.4,67.1,0.7,1.4,2.1,0.6,0.6,0.2,0.5,0.0
75,12.9,3.7,1.3,3.2,41.1,0.1,0.6,20.8,0.9,1.2,78.2,0.5,1.3,1.8,0.7,0.4,0.1,0.5,1.0
23,8.3,1.3,0.5,1.3,36.7,0.0,0.0,0.0,0.4,0.9,45.0,0.7,1.3,2.0,0.5,0.1,0.3,0.7,0.0
79,22.8,5.8,2.3,6.2,37.4,0.1,0.5,19.4,1.1,1.4,80.0,1.0,2.7,3.7,1.4,1.0,0.3,1.1,1.0
68,16.3,3.8,1.6,4.3,38.4,0.2,1.1,19.2,0.3,0.4,64.3,1.1,2.0,3.1,0.9,0.3,0.4,0.7,0.0
47,14.3,5.6,2.3,5.1,44.6,0.0,0.2,18.2,1.0,1.7,58.8,0.4,1.1,1.5,2.8,0.7,0.2,1.6,0.0
72,16.9,6.3,2.6,5.6,46.4,0.0,0.2,9.1,1.1,1.5,72.7,0.8,1.3,2.1,1.8,0.8,0.1,1.0,0.0
59,8.2,2.6,0.9,3.1,30.9,0.3,1.1,28.6,0.4,0.6,66.7,0.1,0.5,0.7,1.5,0.2,0.0,0.7,0.0
64,16.1,7.0,2.8,6.1,46.5,0.3,0.9,30.5,1.0,1.6,65.7,0.4,1.0,1.4,2.3,0.8,0.1,1.4,0.0
60,13.1,4.5,1.8,3.6,50.2,0.0,0.1,0.0,0.9,1.2,75.4,0.9,1.9,2.8,0.6,0.2,0.6,0.5,0.0
42,11.2,3.9,1.6,3.2,48.5,0.0,0.0,0.0,0.8,1.0,74.4,0.7,1.5,2.2,0.6,0.2,0.1,0.6,1.0
57,11.2,3.9,1.6,3.0,53.3,0.2,0.4,41.7,0.6,0.9,63.5,0.6,1.5,2.1,0.7,0.5,0.2,0.6,0.0
52,10.3,3.7,1.5,3.2,45.5,0.1,0.7,13.9,0.7,1.1,67.3,0.5,1.2,1.7,0.4,0.4,0.2,0.8,0.0
57,8.3,2.9,1.2,3.1,38.4,0.0,0.0,0.0,0.6,0.8,69.6,0.8,1.1,1.9,0.3,0.2,0.7,0.6,1.0
42,14.9,4.1,1.7,5.1,32.9,0.1,0.7,16.7,0.6,0.8,75.0,0.2,1.0,1.2,1.6,0.5,0.2,1.1,0.0
67,18.2,6.9,2.6,6.3,40.8,0.3,1.0,32.9,1.4,1.7,83.3,0.5,1.3,1.7,3.0,0.6,0.1,1.6,1.0
66,11.3,5.9,1.8,3.9,45.9,0.0,0.0,0.0,2.3,3.0,77.7,1.0,1.0,2.1,0.7,0.5,0.1,1.2,1.0
73,18.9,10.3,4.0,8.4,47.5,0.0,0.1,33.3,2.2,2.9,76.2,1.0,1.0,2.0,1.0,0.5,0.1,1.3,0.0
44,11.0,4.9,2.1,5.1,41.8,0.0,0.1,16.7,0.6,0.9,66.7,1.1,1.9,3.0,0.2,0.3,0.1,0.7,0.0
53,9.7,3.6,1.3,2.8,45.6,0.0,0.0,0.0,1.0,1.8,58.5,0.8,1.1,1.8,0.1,0.1,0.8,0.3,1.0
69,17.7,7.5,3.2,6.2,51.3,0.0,0.1,0.0,1.1,2.0,55.3,1.2,2.2,3.4,0.7,0.4,0.2,1.3,1.0
55,14.8,6.0,2.2,4.4,50.4,0.3,0.9,38.3,1.3,1.7,75.0,0.3,1.5,1.7,1.1,0.4,0.1,1.0,0.0
75,15.4,7.5,2.8,6.4,43.9,0.5,1.3,40.0,1.3,1.7,81.5,0.3,1.2,1.5,0.8,0.5,0.1,1.3,1.0
36,8.8,4.3,1.6,3.4,47.5,0.0,0.1,0.0,1.1,1.8,61.5,0.6,0.8,1.4,0.6,0.5,0.2,0.7,0.0
74,17.0,4.4,1.8,3.9,46.0,0.0,0.2,18.8,0.7,1.0,71.1,0.5,1.3,1.8,2.9,1.0,0.2,1.3,0.0
68,12.7,5.2,2.2,5.5,40.9,0.0,0.3,17.6,0.7,1.2,58.3,0.7,0.9,1.7,0.9,0.4,0.1,0.9,0.0
50,11.0,5.0,2.1,4.9,42.1,0.4,1.1,34.5,0.5,0.7,68.6,0.1,0.7,0.8,1.0,0.3,0.0,0.7,1.0
40,6.7,3.6,1.2,3.0,39.8,0.1,0.6,13.6,1.1,1.5,77.6,0.5,0.8,1.2,0.4,0.3,0.1,0.6,1.0
46,9.9,2.8,1.2,2.2,51.5,0.0,0.0,0.0,0.5,0.9,61.0,1.1,1.7,2.8,0.1,0.3,0.8,0.4,0.0
68,14.8,6.6,2.5,5.5,45.6,0.0,0.2,8.3,1.6,2.2,74.3,1.1,2.4,3.5,1.3,0.3,0.2,1.0,1.0
82,18.9,6.6,2.3,4.6,50.0,0.0,0.0,0.0,2.0,2.9,70.0,2.1,3.2,5.3,1.0,0.7,0.2,1.2,1.0
78,13.7,4.5,2.1,4.1,50.3,0.0,0.1,40.0,0.4,0.6,60.9,0.2,0.7,0.9,0.9,0.2,0.0,0.4,1.0
